Took,Over,Draft Round,Edge,Result,Account
Barbarian Hut,Suspicious Bush,1,-0.525,Win,#9RG0VPUVY
Royal Delivery,Suspicious Bush,2,-0.508,Win,#9RG0VPUVY
Goblin Giant,Skeleton Army,2,-0.487,Win,#9RQ8YRYQL
Ronin,Skeleton Barrel,4,-0.479,Win,#9RG0VPUVY
Ronin,Skeleton Barrel,3,-0.479,Loss,#9RG0VPUVY
Rocket,Zappies,2,-0.473,Loss,#9RG0VPUVY
X-Bow,Zappies,4,-0.470,Win,#9RG0VPUVY
Royal Giant,Princess,2,-0.463,Loss,#9RG0VPUVY
Royal Giant,Rascals,2,-0.454,Win,#9RG0VPUVY
Rage,Witch,3,-0.426,Win,#9RQ8YRYQL
X-Bow,Rascals,3,-0.426,Loss,#9RG0VPUVY
X-Bow,Three Musketeers,4,-0.419,Win,#9RG0VPUVY
X-Bow,Firecracker,4,-0.416,Loss,#9RG0VPUVY
Valkyrie,Goblin Drill,2,-0.412,Win,#9RG0VPUVY
Rocket,Baby Dragon,1,-0.406,Win,#9RG0VPUVY
Ronin,Witch,3,-0.394,Win,#9RQ8YRYQL
Bandit,Musketeer,4,-0.385,Loss,#9RG0VPUVY
Royal Giant,Dart Goblin,3,-0.381,Loss,#9RG0VPUVY
Royal Delivery,Skeleton Barrel,2,-0.372,Loss,#9RG0VPUVY
Zap,Musketeer,1,-0.365,Win,#9RG0VPUVY
Knight,Musketeer,1,-0.365,Loss,#9RG0VPUVY
Valkyrie,Electro Wizard,4,-0.358,Win,#9RG0VPUVY
Dart Goblin,Musketeer,4,-0.348,Loss,#9RG0VPUVY
P.E.K.K.A,Barbarian Barrel,3,-0.343,Loss,#9RG0VPUVY
Royal Delivery,The Log,4,-0.340,Win,#9RG0VPUVY
X-Bow,Zap,4,-0.336,Win,#9RG0VPUVY
Night Witch,Witch,4,-0.331,Win,#9RQ8YRYQL
Bandit,Goblin Drill,2,-0.328,Win,#9RG0VPUVY
Bandit,Skeleton Army,2,-0.328,Loss,#9RG0VPUVY
Royal Hogs,Suspicious Bush,1,-0.326,Win,#9RG0VPUVY
Royal Hogs,Suspicious Bush,3,-0.326,Win,#9RG0VPUVY
Royal Giant,Heal Spirit,2,-0.325,Win,#9RG0VPUVY
Ronin,Furnace,2,-0.318,Win,#9RG0VPUVY
Rocket,Mortar,2,-0.317,Win,#9RG0VPUVY
Mortar,Barbarian Barrel,3,-0.313,Loss,#9RG0VPUVY
Ronin,Goblin Hut,3,-0.296,Loss,#9RG0VPUVY
Ronin,Goblin Hut,1,-0.296,Win,#9RG0VPUVY
Executioner,Goblin Drill,3,-0.288,Loss,#9RG0VPUVY
P.E.K.K.A,Witch,3,-0.286,Win,#9RQ8YRYQL
Firecracker,Musketeer,4,-0.285,Win,#9RG0VPUVY
Inferno Tower,Heal Spirit,2,-0.283,Win,#9RG0VPUVY
Rage,Rascals,4,-0.282,Loss,#9RG0VPUVY
Royal Giant,Ice Wizard,4,-0.280,Win,#9RG0VPUVY
Tesla,Zappies,4,-0.267,Win,#9RQ8YRYQL
Tesla,Zappies,1,-0.267,Win,#9RG0VPUVY
Mortar,Witch,1,-0.256,Win,#9RG0VPUVY
Royal Giant,Hunter,1,-0.252,Win,#9RG0VPUVY
X-Bow,Giant,1,-0.249,Loss,#9RG0VPUVY
Royal Giant,Ram Rider,2,-0.247,Win,#9RG0VPUVY
Hunter,Zappies,1,-0.246,Loss,#9RG0VPUVY
Ronin,Three Musketeers,1,-0.243,Win,#9RG0VPUVY
Rocket,Night Witch,1,-0.242,Loss,#9RG0VPUVY
Baby Dragon,Skeleton Army,2,-0.241,Loss,#9RG0VPUVY
Ronin,Firecracker,4,-0.240,Loss,#9RG0VPUVY
Firecracker,Skeleton Barrel,4,-0.239,Loss,#9RG0VPUVY
Royal Giant,Giant Snowball,1,-0.238,Win,#9RG0VPUVY
Royal Giant,Giant Snowball,2,-0.238,Loss,#9RG0VPUVY
Royal Giant,Giant Snowball,1,-0.238,Win,#9RG0VPUVY
Goblin Giant,Electro Spirit,3,-0.237,Loss,#9RG0VPUVY
Tesla,Graveyard,2,-0.235,Win,#9RG0VPUVY
Inferno Tower,Mother Witch,2,-0.230,Loss,#9RG0VPUVY
Poison,Suspicious Bush,4,-0.230,Win,#9RG0VPUVY
Tesla,Rascals,2,-0.223,Win,#9RG0VPUVY
Rocket,Ram Rider,1,-0.222,Loss,#9RG0VPUVY
X-Bow,Ram Rider,2,-0.219,Loss,#9RG0VPUVY
Valkyrie,Arrows,3,-0.218,Win,#9RG0VPUVY
Valkyrie,Tombstone,3,-0.218,Loss,#9RG0VPUVY
Graveyard,Skeleton Barrel,1,-0.217,Win,#9RG0VPUVY
Giant,Royal Hogs,2,-0.216,Loss,#9RG0VPUVY
Tesla,Three Musketeers,2,-0.216,Loss,#9RG0VPUVY
Golem,Skeleton Army,2,-0.216,Loss,#9RG0VPUVY
Wizard,Witch,3,-0.215,Loss,#9RG0VPUVY
Wizard,Witch,4,-0.215,Win,#9RG0VPUVY
Inferno Tower,Dark Prince,1,-0.214,Win,#9RG0VPUVY
Hunter,Princess,4,-0.211,Loss,#9RG0VPUVY
Golem,Fireball,4,-0.210,Win,#9RG0VPUVY
Golem,Fireball,3,-0.210,Loss,#9RG0VPUVY
Golem,Fireball,4,-0.210,Win,#9RG0VPUVY
X-Bow,Giant Snowball,2,-0.210,Win,#9RQ8YRYQL
X-Bow,Giant Snowball,1,-0.210,Win,#9RG0VPUVY
Mother Witch,Tombstone,4,-0.206,Win,#9RG0VPUVY
Arrows,Skeleton Barrel,2,-0.205,Win,#9RG0VPUVY
Barbarian Hut,Zappies,3,-0.204,Win,#9RG0VPUVY
Tesla,Baby Dragon,1,-0.200,Loss,#9RG0VPUVY
Inferno Tower,Giant Snowball,3,-0.196,Win,#9RG0VPUVY
Golem,The Log,4,-0.195,Win,#9RG0VPUVY
Mega Knight,Skeleton Army,1,-0.195,Win,#9RQ8YRYQL
Mega Knight,Skeleton Army,2,-0.195,Loss,#9RG0VPUVY
Mega Knight,Goblin Drill,3,-0.195,Win,#9RG0VPUVY
Mother Witch,Graveyard,1,-0.194,Loss,#9RG0VPUVY
Arrows,Goblin Drill,4,-0.194,Win,#9RG0VPUVY
Arrows,Goblin Drill,1,-0.194,Win,#9RG0VPUVY
Ronin,Berserker,2,-0.193,Loss,#9RG0VPUVY
Mother Witch,Princess,3,-0.191,Loss,#9RG0VPUVY
Royal Hogs,Skeleton Barrel,1,-0.190,Win,#9RG0VPUVY
Royal Delivery,Zappies,4,-0.187,Win,#9RG0VPUVY
Valkyrie,Three Musketeers,3,-0.187,Loss,#9RG0VPUVY
Tesla,Ice Spirit,3,-0.187,Loss,#9RG0VPUVY
Royal Delivery,Zappies,1,-0.187,Win,#9RG0VPUVY
Royal Giant,Goblin Giant,2,-0.185,Loss,#9RG0VPUVY
Valkyrie,Firecracker,2,-0.184,Win,#9RG0VPUVY
Barbarian Hut,Mega Knight,1,-0.183,Win,#9RQ8YRYQL
Goblin Hut,Skeleton Barrel,2,-0.183,Win,#9RG0VPUVY
P.E.K.K.A,Royal Hogs,4,-0.181,Win,#9RG0VPUVY
Arrows,Barbarian Barrel,4,-0.177,Win,#9RG0VPUVY
Giant,Rascals,3,-0.177,Loss,#9RG0VPUVY
Mega Knight,The Log,4,-0.174,Loss,#9RG0VPUVY
Royal Giant,Rage,3,-0.172,Win,#9RG0VPUVY
The Log,Suspicious Bush,4,-0.168,Win,#9RG0VPUVY
The Log,Suspicious Bush,1,-0.168,Loss,#9RG0VPUVY
X-Bow,Elite Barbarians,3,-0.165,Loss,#9RG0VPUVY
Golem,Electro Wizard,3,-0.162,Win,#9RG0VPUVY
Ronin,Zap,3,-0.160,Loss,#9RG0VPUVY
Ronin,Knight,3,-0.160,Loss,#9RG0VPUVY
Valkyrie,Ice Spirit,4,-0.158,Win,#9RG0VPUVY
X-Bow,Goblin Giant,2,-0.157,Win,#9RQ8YRYQL
Baby Dragon,Vines,4,-0.157,Win,#9RG0VPUVY
Goblin Giant,Inferno Dragon,2,-0.156,Loss,#9RG0VPUVY
Bandit,Zappies,1,-0.154,Win,#9RQ8YRYQL
Firecracker,Witch,4,-0.154,Win,#9RG0VPUVY
Firecracker,Witch,1,-0.154,Loss,#9RG0VPUVY
Barbarian Hut,Three Musketeers,2,-0.153,Loss,#9RG0VPUVY
Tesla,Executioner,1,-0.153,Loss,#9RG0VPUVY
P.E.K.K.A,Princess,2,-0.151,Win,#9RG0VPUVY
Inferno Tower,Elite Barbarians,1,-0.151,Win,#9RG0VPUVY
Tesla,Dart Goblin,3,-0.150,Win,#9RG0VPUVY
Barbarian Hut,Firecracker,4,-0.150,Loss,#9RQ8YRYQL
Royal Delivery,Rascals,3,-0.143,Win,#9RG0VPUVY
Royal Delivery,Rascals,1,-0.143,Win,#9RG0VPUVY
P.E.K.K.A,Rascals,2,-0.142,Win,#9RG0VPUVY
P.E.K.K.A,Rascals,4,-0.142,Loss,#9RG0VPUVY
Ronin,Mortar,4,-0.138,Win,#9RG0VPUVY
Knight,Goblin Hut,1,-0.136,Win,#9RG0VPUVY
Zap,Zappies,3,-0.134,Win,#9RG0VPUVY
Furnace,Barbarian Barrel,1,-0.133,Win,#9RG0VPUVY
Furnace,Barbarian Barrel,1,-0.133,Loss,#9RG0VPUVY
Elite Barbarians,Heal Spirit,2,-0.132,Loss,#9RG0VPUVY
Inferno Tower,Rage,4,-0.130,Win,#9RG0VPUVY
Barbarian Hut,Electro Spirit,3,-0.128,Win,#9RG0VPUVY
Elixir Golem,Rage,4,-0.126,Loss,#9RG0VPUVY
Mother Witch,Berserker,1,-0.125,Win,#9RG0VPUVY
Berserker,Furnace,4,-0.125,Loss,#9RG0VPUVY
Valkyrie,Executioner,1,-0.124,Loss,#9RG0VPUVY
Graveyard,Poison,1,-0.123,Win,#9RG0VPUVY
Mortar,Princess,2,-0.121,Win,#9RQ8YRYQL
Mega Knight,Witch,4,-0.121,Win,#9RG0VPUVY
Tombstone,Witch,2,-0.120,Loss,#9RG0VPUVY
Tombstone,Witch,4,-0.120,Win,#9RG0VPUVY
Poison,Goblin Demolisher,4,-0.119,Win,#9RG0VPUVY
P.E.K.K.A,Baby Dragon,2,-0.119,Loss,#9RG0VPUVY
Bandit,Princess,2,-0.119,Loss,#9RG0VPUVY
Dart Goblin,Zappies,3,-0.117,Win,#9RG0VPUVY
Royal Giant,Lava Hound,3,-0.116,Win,#9RG0VPUVY
Hunter,Zap,4,-0.112,Win,#9RG0VPUVY
Mother Witch,Executioner,2,-0.112,Win,#9RG0VPUVY
Mother Witch,Wizard,4,-0.111,Win,#9RG0VPUVY
Tesla,Inferno Dragon,3,-0.110,Loss,#9RG0VPUVY
Wizard,Royal Hogs,4,-0.110,Loss,#9RG0VPUVY
P.E.K.K.A,Electro Spirit,1,-0.110,Win,#9RG0VPUVY
Wizard,Royal Hogs,3,-0.110,Loss,#9RG0VPUVY
Ronin,Royal Delivery,4,-0.107,Loss,#9RG0VPUVY
Goblin Barrel,Musketeer,1,-0.104,Win,#9RG0VPUVY
Bandit,Three Musketeers,2,-0.103,Win,#9RQ8YRYQL
Rage,Flying Machine,3,-0.101,Win,#9RG0VPUVY
Rage,Flying Machine,4,-0.101,Win,#9RG0VPUVY
Goblin Hut,Witch,4,-0.098,Win,#9RG0VPUVY
Royal Hogs,Vines,3,-0.095,Win,#9RG0VPUVY
Wizard,Tombstone,2,-0.095,Loss,#9RQ8YRYQL
Vines,Skeleton Barrel,1,-0.095,Win,#9RG0VPUVY
Executioner,Tombstone,3,-0.094,Win,#9RG0VPUVY
Poison,Skeleton Barrel,3,-0.094,Win,#9RG0VPUVY
Baby Dragon,Furnace,3,-0.091,Win,#9RG0VPUVY
Knight,Rascals,3,-0.090,Win,#9RG0VPUVY
Mortar,Baby Dragon,1,-0.089,Win,#9RG0VPUVY
Goblin Giant,Flying Machine,3,-0.088,Win,#9RG0VPUVY
X-Bow,Lava Hound,2,-0.088,Loss,#9RG0VPUVY
Giant Snowball,Heal Spirit,3,-0.087,Loss,#9RG0VPUVY
Giant Snowball,Heal Spirit,2,-0.087,Win,#9RG0VPUVY
Goblin Giant,Rune Giant,3,-0.087,Loss,#9RG0VPUVY
P.E.K.K.A,Berserker,4,-0.085,Win,#9RG0VPUVY
P.E.K.K.A,Berserker,4,-0.085,Loss,#9RG0VPUVY
Valkyrie,Bandit,1,-0.084,Win,#9RG0VPUVY
Poison,Goblin Drill,3,-0.083,Loss,#9RG0VPUVY
Dart Goblin,Princess,2,-0.082,Win,#9RG0VPUVY
Elite Barbarians,Rune Giant,2,-0.079,Win,#9RG0VPUVY
Bandit,Electro Spirit,1,-0.078,Win,#9RG0VPUVY
Ram Rider,Heal Spirit,1,-0.078,Win,#9RG0VPUVY
Ram Rider,Heal Spirit,4,-0.078,Win,#9RG0VPUVY
Mortar,Ice Spirit,2,-0.076,Loss,#9RG0VPUVY
Furnace,Witch,1,-0.076,Loss,#9RG0VPUVY
Rage,Ram Rider,4,-0.075,Win,#9RQ8YRYQL
Night Witch,Mortar,4,-0.075,Win,#9RG0VPUVY
Goblin Giant,Valkyrie,1,-0.075,Loss,#9RG0VPUVY
Bandit,Ice Spirit,4,-0.074,Loss,#9RG0VPUVY
Bandit,Ice Spirit,3,-0.074,Loss,#9RG0VPUVY
P.E.K.K.A,Executioner,3,-0.072,Win,#9RG0VPUVY
P.E.K.K.A,Wizard,2,-0.071,Win,#9RG0VPUVY
Rune Giant,Mortar,4,-0.070,Win,#9RQ8YRYQL
Barbarian Hut,Knight,2,-0.070,Win,#9RG0VPUVY
Executioner,Rascals,2,-0.070,Win,#9RG0VPUVY
Rune Giant,Inferno Dragon,4,-0.069,Win,#9RG0VPUVY
Ronin,Fisherman,4,-0.069,Win,#9RG0VPUVY
Ronin,Flying Machine,1,-0.069,Win,#9RG0VPUVY
Vines,Barbarian Barrel,4,-0.067,Win,#9RG0VPUVY
Wizard,Three Musketeers,2,-0.064,Win,#9RG0VPUVY
Executioner,Three Musketeers,3,-0.063,Loss,#9RG0VPUVY
Executioner,Three Musketeers,4,-0.063,Win,#9RG0VPUVY
Knight,Electro Spirit,3,-0.058,Win,#9RQ8YRYQL
Knight,Electro Spirit,1,-0.058,Loss,#9RG0VPUVY
Knight,Electro Spirit,2,-0.058,Win,#9RG0VPUVY
Night Witch,Heal Spirit,3,-0.058,Win,#9RG0VPUVY
Night Witch,Heal Spirit,4,-0.058,Win,#9RG0VPUVY
Graveyard,Furnace,2,-0.056,Win,#9RG0VPUVY
Ronin,Valkyrie,2,-0.056,Win,#9RG0VPUVY
Firecracker,Zappies,3,-0.054,Win,#9RG0VPUVY
Electro Wizard,Skeleton Army,2,-0.054,Win,#9RQ8YRYQL
Electro Wizard,Goblin Drill,4,-0.054,Loss,#9RG0VPUVY
Mother Witch,Heal Spirit,2,-0.053,Win,#9RG0VPUVY
Royal Delivery,Zap,4,-0.053,Loss,#9RG0VPUVY
Fisherman,Heal Spirit,3,-0.052,Win,#9RG0VPUVY
P.E.K.K.A,Zap,4,-0.052,Win,#9RQ8YRYQL
Barbarian Hut,Bandit,2,-0.050,Loss,#9RG0VPUVY
Giant,Heal Spirit,1,-0.048,Loss,#9RG0VPUVY
Giant,Heal Spirit,1,-0.048,Win,#9RG0VPUVY
Baby Dragon,Arrows,1,-0.047,Loss,#9RG0VPUVY
Goblin Barrel,Goblin Drill,1,-0.047,Win,#9RG0VPUVY
Goblin Barrel,Skeleton Army,3,-0.047,Win,#9RG0VPUVY
Royal Giant,Inferno Tower,2,-0.042,Loss,#9RG0VPUVY
Mortar,Executioner,1,-0.042,Win,#9RG0VPUVY
Golem,Zappies,4,-0.042,Win,#9RG0VPUVY
Goblin Barrel,Fireball,2,-0.041,Win,#9RG0VPUVY
Rune Giant,Royal Delivery,1,-0.039,Loss,#9RG0VPUVY
Executioner,Electro Spirit,3,-0.038,Win,#9RG0VPUVY
Executioner,Electro Spirit,1,-0.038,Loss,#9RG0VPUVY
Executioner,Electro Spirit,2,-0.038,Win,#9RG0VPUVY
Electro Wizard,Barbarian Barrel,1,-0.037,Win,#9RG0VPUVY
Golem,Royal Hogs,2,-0.037,Win,#9RG0VPUVY
Ice Spirit,Rascals,3,-0.036,Loss,#9RQ8YRYQL
Poison,Goblin Barrel,4,-0.036,Win,#9RG0VPUVY
Wizard,Ice Spirit,4,-0.035,Win,#9RG0VPUVY
Graveyard,Goblin Hut,4,-0.034,Win,#9RG0VPUVY
Graveyard,Zappies,4,-0.032,Win,#9RQ8YRYQL
P.E.K.K.A,Bandit,1,-0.032,Win,#9RG0VPUVY
Graveyard,Zappies,4,-0.032,Win,#9RG0VPUVY
The Log,Skeleton Barrel,4,-0.032,Win,#9RG0VPUVY
Barbarian Hut,Heal Spirit,4,-0.031,Win,#9RG0VPUVY
Goblin Barrel,Barbarian Barrel,1,-0.030,Loss,#9RG0VPUVY
Ice Spirit,Three Musketeers,4,-0.029,Loss,#9RG0VPUVY
Tesla,Valkyrie,3,-0.029,Loss,#9RG0VPUVY
Giant Snowball,Night Witch,3,-0.029,Win,#9RG0VPUVY
Ram Rider,Flying Machine,4,-0.026,Loss,#9RG0VPUVY
Ram Rider,Fisherman,1,-0.026,Loss,#9RG0VPUVY
Berserker,Electro Spirit,4,-0.025,Loss,#9RG0VPUVY
Berserker,Electro Spirit,2,-0.025,Win,#9RQ8YRYQL
Berserker,Electro Spirit,2,-0.025,Win,#9RG0VPUVY
Tesla,Dark Prince,3,-0.025,Loss,#9RG0VPUVY
Baby Dragon,Rascals,1,-0.023,Win,#9RG0VPUVY
Mother Witch,Barbarian Hut,4,-0.022,Loss,#9RG0VPUVY
Mega Knight,Zappies,2,-0.021,Win,#9RG0VPUVY
Berserker,Ice Spirit,2,-0.021,Win,#9RG0VPUVY
Golem,Mega Knight,1,-0.021,Win,#9RG0VPUVY
The Log,Goblin Drill,2,-0.021,Loss,#9RG0VPUVY
Arrows,Zappies,2,-0.020,Win,#9RG0VPUVY
Knight,Executioner,1,-0.020,Loss,#9RG0VPUVY
Bandit,Zap,1,-0.020,Win,#9RG0VPUVY
Dark Prince,Fisherman,2,-0.017,Win,#9RG0VPUVY
Valkyrie,Giant,2,-0.017,Win,#9RG0VPUVY
Barbarian Hut,Royal Delivery,4,-0.017,Win,#9RG0VPUVY
Fireball,Skeleton Barrel,2,-0.017,Win,#9RG0VPUVY
Barbarian Barrel,Goblin Drill,2,-0.017,Win,#9RG0VPUVY
Fireball,Skeleton Barrel,2,-0.017,Win,#9RG0VPUVY
Tesla,Ram Rider,2,-0.016,Win,#9RG0VPUVY
Baby Dragon,Three Musketeers,3,-0.016,Win,#9RG0VPUVY
Mega Knight,Royal Hogs,4,-0.016,Win,#9RG0VPUVY
Hunter,Night Witch,1,-0.015,Win,#9RG0VPUVY
Giant Snowball,Hunter,2,-0.014,Loss,#9RG0VPUVY
Baby Dragon,Firecracker,1,-0.013,Loss,#9RQ8YRYQL
Baby Dragon,Firecracker,1,-0.013,Win,#9RG0VPUVY
Valkyrie,Flying Machine,1,-0.013,Win,#9RG0VPUVY
Valkyrie,Fisherman,1,-0.013,Win,#9RG0VPUVY
Valkyrie,Mother Witch,1,-0.012,Win,#9RG0VPUVY
Valkyrie,Rune Giant,2,-0.012,Loss,#9RG0VPUVY
Night Witch,Giant,4,-0.010,Loss,#9RG0VPUVY
Night Witch,Giant,1,-0.010,Win,#9RG0VPUVY
Tesla,Giant Snowball,1,-0.007,Loss,#9RG0VPUVY
Royal Hogs,Goblin Hut,1,-0.007,Win,#9RG0VPUVY
Night Witch,Flying Machine,4,-0.006,Win,#9RG0VPUVY
Mother Witch,Giant,2,-0.005,Win,#9RG0VPUVY
The Log,Barbarian Barrel,3,-0.004,Win,#9RG0VPUVY
Dart Goblin,Executioner,1,-0.003,Win,#9RG0VPUVY
Mother Witch,Flying Machine,1,-0.001,Loss,#9RG0VPUVY
Mother Witch,Rune Giant,3,+0.000,Win,#9RG0VPUVY
Poison,Vines,4,+0.001,Win,#9RG0VPUVY
Poison,Vines,1,+0.001,Win,#9RG0VPUVY
Arrows,Mega Knight,1,+0.001,Loss,#9RG0VPUVY
Wizard,Dart Goblin,4,+0.002,Loss,#9RG0VPUVY
Golem,Rascals,1,+0.002,Loss,#9RG0VPUVY
Bandit,Mortar,3,+0.002,Win,#9RG0VPUVY
Executioner,Dart Goblin,3,+0.003,Loss,#9RG0VPUVY
Graveyard,Princess,4,+0.003,Win,#9RG0VPUVY
Electro Spirit,Ice Spirit,4,+0.004,Loss,#9RG0VPUVY
Valkyrie,Dark Prince,1,+0.004,Win,#9RG0VPUVY
Mother Witch,Night Witch,1,+0.005,Win,#9RG0VPUVY
Giant,Rune Giant,3,+0.005,Win,#9RG0VPUVY
Valkyrie,Hunter,3,+0.008,Loss,#9RG0VPUVY
Night Witch,Dark Prince,1,+0.011,Loss,#9RG0VPUVY
Skeleton Barrel,Skeleton Army,4,+0.011,Win,#9RG0VPUVY
Graveyard,Rascals,4,+0.012,Win,#9RG0VPUVY
Graveyard,Rascals,3,+0.012,Win,#9RG0VPUVY
Golem,Firecracker,2,+0.012,Win,#9RG0VPUVY
Valkyrie,Ram Rider,2,+0.013,Win,#9RG0VPUVY
Berserker,Executioner,2,+0.013,Win,#9RG0VPUVY
Mega Knight,Princess,2,+0.014,Win,#9RG0VPUVY
Royal Hogs,Arrows,2,+0.015,Win,#9RG0VPUVY
Royal Hogs,Tombstone,2,+0.015,Win,#9RG0VPUVY
Barbarian Hut,Giant,2,+0.017,Loss,#9RG0VPUVY
Barbarian Hut,Giant,2,+0.017,Win,#9RG0VPUVY
Dark Prince,Giant Snowball,1,+0.018,Loss,#9RG0VPUVY
Dark Prince,Giant Snowball,1,+0.018,Win,#9RG0VPUVY
Dark Prince,Giant Snowball,2,+0.018,Win,#9RG0VPUVY
Bandit,Heal Spirit,4,+0.019,Win,#9RQ8YRYQL
Bandit,Heal Spirit,2,+0.019,Win,#9RG0VPUVY
Wizard,Zap,3,+0.019,Win,#9RG0VPUVY
Bandit,Heal Spirit,2,+0.019,Loss,#9RG0VPUVY
Bandit,Heal Spirit,4,+0.019,Win,#9RG0VPUVY
Night Witch,Ram Rider,2,+0.020,Win,#9RG0VPUVY
Knight,Bandit,3,+0.020,Loss,#9RG0VPUVY
Knight,Bandit,3,+0.020,Win,#9RG0VPUVY
Barbarian Hut,Flying Machine,3,+0.021,Win,#9RG0VPUVY
Barbarian Hut,Flying Machine,4,+0.021,Win,#9RG0VPUVY
Firecracker,Electro Spirit,2,+0.022,Win,#9RG0VPUVY
Mega Knight,Rascals,3,+0.023,Win,#9RG0VPUVY
Zap,Inferno Dragon,1,+0.023,Win,#9RG0VPUVY
Golem,Baby Dragon,3,+0.025,Win,#9RG0VPUVY
Golem,Baby Dragon,2,+0.025,Win,#9RG0VPUVY
Giant,Hunter,4,+0.025,Win,#9RG0VPUVY
Goblin Demolisher,Skeleton Barrel,2,+0.025,Win,#9RG0VPUVY
Royal Hogs,Graveyard,3,+0.027,Loss,#9RG0VPUVY
Royal Hogs,Graveyard,1,+0.027,Loss,#9RG0VPUVY
Three Musketeers,Ice Spirit,4,+0.029,Win,#9RG0VPUVY
Mortar,P.E.K.K.A,4,+0.030,Win,#9RG0VPUVY
Tombstone,Three Musketeers,2,+0.031,Loss,#9RG0VPUVY
P.E.K.K.A,Ice Wizard,3,+0.032,Loss,#9RG0VPUVY
Mega Knight,Firecracker,3,+0.033,Loss,#9RG0VPUVY
Berserker,Knight,2,+0.033,Win,#9RG0VPUVY
Bandit,Royal Delivery,4,+0.033,Win,#9RG0VPUVY
Golem,Electro Spirit,4,+0.034,Win,#9RG0VPUVY
Flying Machine,Giant Snowball,2,+0.035,Loss,#9RG0VPUVY
Goblin Barrel,Poison,3,+0.036,Win,#9RG0VPUVY
Goblin Demolisher,Skeleton Army,2,+0.036,Loss,#9RG0VPUVY
Royal Delivery,Fisherman,2,+0.038,Loss,#9RQ8YRYQL
Royal Delivery,Flying Machine,4,+0.038,Loss,#9RG0VPUVY
Barbarian Hut,Dark Prince,4,+0.038,Loss,#9RG0VPUVY
Knight,Heal Spirit,4,+0.039,Win,#9RG0VPUVY
Wizard,Bandit,2,+0.039,Win,#9RG0VPUVY
Dart Goblin,Inferno Dragon,2,+0.040,Win,#9RG0VPUVY
P.E.K.K.A,Mother Witch,2,+0.040,Win,#9RG0VPUVY
P.E.K.K.A,Rune Giant,1,+0.040,Win,#9RG0VPUVY
Mother Witch,Tesla,2,+0.041,Win,#9RQ8YRYQL
Princess,Electro Spirit,3,+0.041,Loss,#9RG0VPUVY
Princess,Electro Spirit,3,+0.041,Win,#9RG0VPUVY
Mother Witch,Tesla,4,+0.041,Loss,#9RG0VPUVY
Executioner,Inferno Dragon,2,+0.043,Win,#9RG0VPUVY
Graveyard,Electro Spirit,3,+0.044,Win,#9RG0VPUVY
Zappies,Rascals,1,+0.044,Win,#9RG0VPUVY
Furnace,Tombstone,3,+0.044,Win,#9RG0VPUVY
Princess,Ice Spirit,2,+0.045,Win,#9RG0VPUVY
Tesla,Goblin Giant,4,+0.046,Win,#9RG0VPUVY
Tesla,Goblin Giant,2,+0.046,Loss,#9RG0VPUVY
Goblin Hut,Rascals,1,+0.046,Win,#9RG0VPUVY
Barbarian Hut,Ram Rider,4,+0.047,Win,#9RG0VPUVY
Baby Dragon,Executioner,1,+0.047,Win,#9RQ8YRYQL
Fireball,Electro Wizard,2,+0.048,Loss,#9RG0VPUVY
Royal Delivery,Valkyrie,4,+0.051,Loss,#9RG0VPUVY
Knight,P.E.K.K.A,3,+0.052,Loss,#9RG0VPUVY
P.E.K.K.A,Valkyrie,4,+0.052,Loss,#9RG0VPUVY
Knight,Royal Delivery,4,+0.053,Loss,#9RG0VPUVY
Heal Spirit,Rune Giant,1,+0.053,Win,#9RG0VPUVY
The Log,Witch,4,+0.053,Win,#9RG0VPUVY
Ram Rider,Elite Barbarians,2,+0.054,Win,#9RG0VPUVY
Royal Delivery,Dark Prince,2,+0.055,Loss,#9RG0VPUVY
Barbarian Hut,Giant Snowball,3,+0.056,Win,#9RG0VPUVY
Goblin Hut,Firecracker,1,+0.056,Loss,#9RG0VPUVY
Berserker,Inferno Dragon,3,+0.056,Win,#9RG0VPUVY
P.E.K.K.A,Dark Prince,2,+0.056,Loss,#9RG0VPUVY
Tesla,Rage,1,+0.059,Win,#9RG0VPUVY
Tesla,Rage,3,+0.059,Win,#9RG0VPUVY
Tesla,Rage,3,+0.059,Win,#9RG0VPUVY
Executioner,Heal Spirit,4,+0.059,Loss,#9RG0VPUVY
Golem,Berserker,2,+0.059,Loss,#9RG0VPUVY
Royal Delivery,Hunter,1,+0.059,Win,#9RG0VPUVY
Tombstone,Ice Spirit,4,+0.060,Win,#9RG0VPUVY
Firecracker,Wizard,1,+0.061,Win,#9RG0VPUVY
Inferno Dragon,Ice Wizard,3,+0.061,Loss,#9RG0VPUVY
Mortar,Ice Wizard,3,+0.062,Win,#9RG0VPUVY
Mortar,Ice Wizard,3,+0.062,Win,#9RG0VPUVY
Three Musketeers,Executioner,1,+0.063,Win,#9RG0VPUVY
Royal Delivery,Ram Rider,4,+0.064,Loss,#9RG0VPUVY
Three Musketeers,Wizard,2,+0.064,Win,#9RG0VPUVY
Mortar,Giant,3,+0.065,Win,#9RG0VPUVY
Three Musketeers,Dart Goblin,1,+0.066,Win,#9RG0VPUVY
Baby Dragon,Zap,1,+0.067,Loss,#9RG0VPUVY
Baby Dragon,Zap,3,+0.067,Win,#9RG0VPUVY
Baby Dragon,Zap,2,+0.067,Loss,#9RG0VPUVY
Bandit,Giant,2,+0.067,Loss,#9RG0VPUVY
Bandit,Giant,4,+0.067,Loss,#9RG0VPUVY
Mother Witch,Ronin,3,+0.068,Loss,#9RG0VPUVY
Inferno Dragon,Flying Machine,4,+0.068,Win,#9RG0VPUVY
Inferno Dragon,Fisherman,2,+0.068,Win,#9RG0VPUVY
Inferno Dragon,Flying Machine,4,+0.068,Win,#9RG0VPUVY
Mortar,Fisherman,4,+0.069,Win,#9RG0VPUVY
Goblin Giant,Lava Hound,3,+0.069,Win,#9RG0VPUVY
Goblin Giant,Lava Hound,1,+0.069,Loss,#9RG0VPUVY
Lava Hound,Elixir Golem,4,+0.070,Win,#9RG0VPUVY
Mortar,Rune Giant,2,+0.070,Win,#9RG0VPUVY
Bandit,Flying Machine,2,+0.071,Win,#9RG0VPUVY
Golem,Executioner,1,+0.072,Win,#9RG0VPUVY
Berserker,Heal Spirit,1,+0.072,Loss,#9RG0VPUVY
Royal Delivery,Giant Snowball,2,+0.073,Loss,#9RG0VPUVY
Golem,Wizard,3,+0.073,Win,#9RG0VPUVY
Goblin Drill,Witch,3,+0.074,Loss,#9RG0VPUVY
Skeleton Army,Witch,4,+0.074,Loss,#9RG0VPUVY
Royal Hogs,Ice Spirit,2,+0.075,Win,#9RG0VPUVY
Royal Hogs,Ice Spirit,1,+0.075,Loss,#9RG0VPUVY
Ice Spirit,Inferno Dragon,1,+0.077,Win,#9RG0VPUVY
Fireball,Poison,3,+0.077,Win,#9RG0VPUVY
Goblin Hut,Electro Spirit,1,+0.078,Loss,#9RG0VPUVY
Goblin Hut,Electro Spirit,4,+0.078,Loss,#9RG0VPUVY
Furnace,Firecracker,1,+0.078,Win,#9RG0VPUVY
Rune Giant,Elite Barbarians,2,+0.079,Win,#9RG0VPUVY
Mother Witch,Elite Barbarians,3,+0.079,Win,#9RG0VPUVY
Firecracker,Zap,1,+0.080,Win,#9RG0VPUVY
Firecracker,Zap,3,+0.080,Win,#9RG0VPUVY
Inferno Dragon,Valkyrie,2,+0.081,Win,#9RG0VPUVY
Electro Spirit,Inferno Dragon,1,+0.081,Loss,#9RG0VPUVY
Mortar,Valkyrie,4,+0.082,Win,#9RG0VPUVY
Giant,Elite Barbarians,4,+0.084,Loss,#9RG0VPUVY
Berserker,Royal Delivery,3,+0.086,Win,#9RG0VPUVY
Mortar,Dark Prince,1,+0.086,Win,#9RG0VPUVY
Mother Witch,Goblin Giant,4,+0.087,Win,#9RG0VPUVY
Knight,Giant,1,+0.087,Win,#9RG0VPUVY
Inferno Dragon,Hunter,2,+0.089,Win,#9RG0VPUVY
Goblin Demolisher,Electro Wizard,3,+0.090,Win,#9RG0VPUVY
Vines,Zappies,2,+0.090,Win,#9RG0VPUVY
Zap,Flying Machine,2,+0.091,Win,#9RG0VPUVY
Knight,Rune Giant,2,+0.092,Win,#9RG0VPUVY
Arrows,Executioner,3,+0.094,Win,#9RG0VPUVY
Mortar,Ram Rider,4,+0.095,Win,#9RG0VPUVY
Vines,Royal Hogs,3,+0.095,Loss,#9RQ8YRYQL
Electro Wizard,Furnace,1,+0.096,Win,#9RQ8YRYQL
Royal Hogs,Berserker,2,+0.096,Win,#9RG0VPUVY
Bandit,Ram Rider,4,+0.097,Win,#9RG0VPUVY
Tombstone,Dart Goblin,3,+0.097,Win,#9RG0VPUVY
Tombstone,Dart Goblin,2,+0.097,Win,#9RG0VPUVY
Princess,Zap,3,+0.099,Loss,#9RG0VPUVY
Mother Witch,Rage,4,+0.100,Win,#9RG0VPUVY
Goblin Barrel,Furnace,4,+0.103,Win,#9RG0VPUVY
Wizard,Ice Wizard,3,+0.103,Win,#9RG0VPUVY
Berserker,Barbarian Hut,2,+0.103,Win,#9RG0VPUVY
Berserker,Barbarian Hut,3,+0.103,Loss,#9RG0VPUVY
Three Musketeers,Bandit,3,+0.103,Win,#9RG0VPUVY
Executioner,Ice Wizard,3,+0.104,Win,#9RG0VPUVY
Dart Goblin,Giant,1,+0.104,Win,#9RG0VPUVY
Knight,Valkyrie,3,+0.104,Loss,#9RG0VPUVY
Wizard,Giant,2,+0.106,Win,#9RQ8YRYQL
Wizard,Giant,2,+0.106,Loss,#9RG0VPUVY
Baby Dragon,Heal Spirit,4,+0.106,Loss,#9RG0VPUVY
Executioner,Giant,1,+0.107,Loss,#9RG0VPUVY
Executioner,Giant,3,+0.107,Win,#9RG0VPUVY
Ice Wizard,Rage,3,+0.108,Loss,#9RG0VPUVY
Dart Goblin,Flying Machine,2,+0.108,Win,#9RG0VPUVY
Dart Goblin,Rune Giant,1,+0.109,Win,#9RG0VPUVY
Dart Goblin,Mother Witch,4,+0.109,Loss,#9RG0VPUVY
Dart Goblin,Rune Giant,4,+0.109,Win,#9RG0VPUVY
Wizard,Flying Machine,2,+0.110,Win,#9RG0VPUVY
Vines,Arrows,1,+0.110,Loss,#9RG0VPUVY
Goblin Demolisher,Witch,2,+0.110,Win,#9RG0VPUVY
Executioner,Flying Machine,2,+0.111,Win,#9RG0VPUVY
Electro Spirit,Royal Delivery,4,+0.111,Win,#9RG0VPUVY
Poison,Arrows,1,+0.111,Loss,#9RG0VPUVY
Royal Hogs,Dart Goblin,2,+0.112,Loss,#9RG0VPUVY
Golem,Bandit,1,+0.112,Win,#9RG0VPUVY
Zap,Hunter,3,+0.112,Win,#9RG0VPUVY
Knight,Hunter,3,+0.112,Win,#9RG0VPUVY
Mega Knight,Zap,4,+0.113,Loss,#9RG0VPUVY
Tombstone,Knight,4,+0.114,Win,#9RQ8YRYQL
Tombstone,Zap,1,+0.114,Win,#9RG0VPUVY
Tesla,Lava Hound,4,+0.115,Win,#9RG0VPUVY
Tesla,Lava Hound,3,+0.115,Win,#9RG0VPUVY
Knight,Ram Rider,4,+0.117,Win,#9RQ8YRYQL
Executioner,Night Witch,4,+0.117,Loss,#9RG0VPUVY
Executioner,Night Witch,4,+0.117,Win,#9RG0VPUVY
Princess,Bandit,4,+0.119,Win,#9RG0VPUVY
Goblin Hut,Dart Goblin,1,+0.119,Win,#9RG0VPUVY
Goblin Demolisher,Vines,1,+0.120,Win,#9RG0VPUVY
Three Musketeers,Heal Spirit,4,+0.122,Loss,#9RG0VPUVY
Graveyard,Bandit,3,+0.122,Win,#9RG0VPUVY
Barbarian Hut,Rage,2,+0.122,Win,#9RG0VPUVY
Vines,Graveyard,3,+0.122,Loss,#9RG0VPUVY
Giant Snowball,Lava Hound,4,+0.122,Win,#9RG0VPUVY
Wizard,Valkyrie,4,+0.123,Loss,#9RG0VPUVY
Vines,Princess,1,+0.125,Win,#9RG0VPUVY
Vines,Princess,2,+0.125,Loss,#9RG0VPUVY
Berserker,Mother Witch,4,+0.125,Loss,#9RG0VPUVY
Royal Delivery,Goblin Giant,3,+0.126,Win,#9RG0VPUVY
Royal Delivery,Goblin Giant,3,+0.126,Win,#9RG0VPUVY
Rage,Elixir Golem,1,+0.126,Win,#9RQ8YRYQL
Rage,Elixir Golem,2,+0.126,Win,#9RG0VPUVY
Wizard,Dark Prince,1,+0.127,Loss,#9RG0VPUVY
P.E.K.K.A,Goblin Giant,3,+0.127,Loss,#9RG0VPUVY
Wizard,Dark Prince,3,+0.127,Loss,#9RG0VPUVY
Executioner,Dark Prince,4,+0.128,Loss,#9RG0VPUVY
Royal Hogs,Zap,2,+0.129,Win,#9RG0VPUVY
Berserker,Night Witch,2,+0.130,Loss,#9RG0VPUVY
Wizard,Hunter,1,+0.131,Loss,#9RG0VPUVY
Firecracker,Royal Delivery,2,+0.133,Win,#9RG0VPUVY
Dart Goblin,Ram Rider,3,+0.134,Win,#9RG0VPUVY
Mega Knight,Mortar,4,+0.135,Win,#9RG0VPUVY
Poison,Rascals,3,+0.135,Win,#9RG0VPUVY
Poison,Rascals,2,+0.135,Win,#9RG0VPUVY
Mega Knight,Mortar,4,+0.135,Loss,#9RG0VPUVY
Wizard,Ram Rider,3,+0.136,Win,#9RG0VPUVY
Mega Knight,Inferno Dragon,1,+0.136,Win,#9RG0VPUVY
Goblin Hut,Zap,4,+0.136,Win,#9RG0VPUVY
Executioner,Ram Rider,2,+0.137,Loss,#9RG0VPUVY
Executioner,Ram Rider,3,+0.137,Win,#9RG0VPUVY
Princess,Heal Spirit,1,+0.138,Win,#9RG0VPUVY
Goblin Giant,Elixir Golem,3,+0.139,Win,#9RG0VPUVY
Electro Wizard,Arrows,4,+0.140,Loss,#9RG0VPUVY
P.E.K.K.A,Rage,1,+0.140,Win,#9RG0VPUVY
Dark Prince,Lava Hound,4,+0.140,Win,#9RG0VPUVY
Furnace,Dart Goblin,4,+0.141,Loss,#9RG0VPUVY
Graveyard,Heal Spirit,1,+0.141,Loss,#9RG0VPUVY
Vines,Three Musketeers,4,+0.141,Win,#9RG0VPUVY
Electro Wizard,Mega Knight,3,+0.141,Win,#9RG0VPUVY
Electro Spirit,Ice Wizard,3,+0.142,Win,#9RG0VPUVY
Vines,Firecracker,2,+0.144,Win,#9RG0VPUVY
Valkyrie,Lava Hound,1,+0.144,Win,#9RG0VPUVY
Valkyrie,Lava Hound,4,+0.144,Win,#9RG0VPUVY
Vines,Firecracker,1,+0.144,Loss,#9RG0VPUVY
Golem,P.E.K.K.A,1,+0.144,Win,#9RG0VPUVY
Wizard,Giant Snowball,1,+0.145,Win,#9RQ8YRYQL
Ice Spirit,Fisherman,2,+0.145,Win,#9RG0VPUVY
Ice Spirit,Flying Machine,2,+0.145,Loss,#9RG0VPUVY
Ice Spirit,Fisherman,1,+0.145,Win,#9RG0VPUVY
Berserker,Hunter,4,+0.145,Loss,#9RG0VPUVY
Berserker,Hunter,1,+0.145,Win,#9RG0VPUVY
Ice Spirit,Fisherman,4,+0.145,Loss,#9RG0VPUVY
Executioner,Giant Snowball,2,+0.146,Win,#9RG0VPUVY
Goblin Barrel,Arrows,4,+0.147,Loss,#9RG0VPUVY
Royal Hogs,Bandit,4,+0.149,Win,#9RG0VPUVY
Goblin Drill,Furnace,4,+0.150,Win,#9RG0VPUVY
Goblin Drill,Furnace,2,+0.150,Loss,#9RG0VPUVY
Electro Spirit,Rune Giant,3,+0.150,Win,#9RG0VPUVY
Elite Barbarians,Inferno Tower,4,+0.151,Win,#9RG0VPUVY
Witch,Three Musketeers,2,+0.151,Win,#9RG0VPUVY
Baby Dragon,Ice Wizard,4,+0.151,Loss,#9RG0VPUVY
Witch,Three Musketeers,1,+0.151,Loss,#9RG0VPUVY
Witch,Three Musketeers,2,+0.151,Loss,#9RG0VPUVY
Night Witch,Lava Hound,3,+0.151,Win,#9RG0VPUVY
Bandit,Elite Barbarians,2,+0.151,Win,#9RG0VPUVY
The Log,Zappies,1,+0.153,Win,#9RG0VPUVY
Witch,Firecracker,3,+0.154,Loss,#9RG0VPUVY
Zappies,Bandit,3,+0.154,Loss,#9RG0VPUVY
Baby Dragon,Giant,4,+0.154,Win,#9RG0VPUVY
Graveyard,Royal Delivery,4,+0.155,Win,#9RG0VPUVY
Rune Giant,Lava Hound,3,+0.156,Win,#9RQ8YRYQL
Mother Witch,Lava Hound,4,+0.156,Win,#9RG0VPUVY
Rune Giant,Lava Hound,4,+0.156,Win,#9RG0VPUVY
Mortar,Goblin Giant,1,+0.157,Loss,#9RG0VPUVY
Vines,Baby Dragon,3,+0.157,Win,#9RG0VPUVY
Fisherman,Lava Hound,3,+0.157,Loss,#9RG0VPUVY
Baby Dragon,Mother Witch,3,+0.159,Loss,#9RG0VPUVY
Baby Dragon,Mother Witch,2,+0.159,Win,#9RG0VPUVY
Baby Dragon,Mother Witch,3,+0.159,Loss,#9RG0VPUVY
Ronin,Inferno Tower,1,+0.162,Win,#9RG0VPUVY
Goblin Barrel,Princess,1,+0.162,Loss,#9RG0VPUVY
Barbarian Barrel,Royal Hogs,4,+0.162,Win,#9RG0VPUVY
Suspicious Bush,Barbarian Barrel,3,+0.164,Win,#9RQ8YRYQL
Baby Dragon,Night Witch,4,+0.164,Win,#9RG0VPUVY
Mega Knight,P.E.K.K.A,4,+0.165,Loss,#9RG0VPUVY
Mega Knight,Royal Delivery,3,+0.166,Loss,#9RG0VPUVY
Arrows,P.E.K.K.A,2,+0.166,Win,#9RG0VPUVY
Electro Spirit,Dark Prince,4,+0.166,Win,#9RG0VPUVY
Tombstone,Royal Delivery,1,+0.167,Win,#9RG0VPUVY
Arrows,Royal Delivery,1,+0.167,Win,#9RG0VPUVY
Three Musketeers,Ice Wizard,2,+0.167,Win,#9RG0VPUVY
Three Musketeers,Ice Wizard,4,+0.167,Win,#9RG0VPUVY
Princess,Barbarian Hut,2,+0.169,Win,#9RG0VPUVY
Mortar,Rage,2,+0.170,Win,#9RG0VPUVY
Mortar,Rage,1,+0.170,Win,#9RG0VPUVY
Mortar,Rage,3,+0.170,Loss,#9RG0VPUVY
Vines,Ice Spirit,2,+0.170,Win,#9RG0VPUVY
Goblin Barrel,Rascals,1,+0.171,Win,#9RG0VPUVY
Goblin Barrel,Rascals,4,+0.171,Loss,#9RG0VPUVY
Knight,Elite Barbarians,3,+0.171,Win,#9RG0VPUVY
Firecracker,Fisherman,3,+0.171,Win,#9RG0VPUVY
Baby Dragon,Valkyrie,3,+0.171,Win,#9RG0VPUVY
Baby Dragon,Valkyrie,3,+0.171,Loss,#9RG0VPUVY
Poison,Ice Spirit,1,+0.171,Win,#9RG0VPUVY
Bandit,Rage,4,+0.172,Win,#9RG0VPUVY
Goblin Drill,Goblin Hut,3,+0.172,Win,#9RG0VPUVY
Bandit,Rage,3,+0.172,Loss,#9RG0VPUVY
Firecracker,Mother Witch,2,+0.172,Loss,#9RG0VPUVY
Skeleton Army,Zappies,3,+0.174,Win,#9RG0VPUVY
Rascals,Ice Wizard,3,+0.174,Win,#9RG0VPUVY
Skeleton Army,Zappies,2,+0.174,Win,#9RG0VPUVY
Skeleton Army,Zappies,4,+0.174,Win,#9RG0VPUVY
Three Musketeers,Fisherman,3,+0.174,Win,#9RG0VPUVY
Goblin Hut,Heal Spirit,2,+0.175,Win,#9RG0VPUVY
Electro Spirit,Ram Rider,4,+0.175,Win,#9RG0VPUVY
Electro Spirit,Ram Rider,3,+0.175,Win,#9RG0VPUVY
Three Musketeers,Rune Giant,3,+0.175,Loss,#9RG0VPUVY
Firecracker,Night Witch,4,+0.177,Win,#9RG0VPUVY
Goblin Drill,Royal Hogs,3,+0.179,Win,#9RG0VPUVY
Ronin,Rocket,3,+0.179,Win,#9RG0VPUVY
Three Musketeers,Night Witch,3,+0.180,Win,#9RG0VPUVY
Furnace,Inferno Dragon,4,+0.181,Win,#9RG0VPUVY
Goblin Barrel,Firecracker,4,+0.181,Win,#9RG0VPUVY
Goblin Barrel,Firecracker,4,+0.181,Win,#9RG0VPUVY
Furnace,Inferno Dragon,1,+0.181,Loss,#9RG0VPUVY
Rascals,Flying Machine,2,+0.181,Win,#9RG0VPUVY
Rascals,Flying Machine,3,+0.181,Win,#9RG0VPUVY
Rascals,Flying Machine,4,+0.181,Win,#9RG0VPUVY
Royal Hogs,Royal Delivery,3,+0.182,Win,#9RG0VPUVY
Royal Hogs,Royal Delivery,3,+0.182,Win,#9RG0VPUVY
Princess,Ice Wizard,1,+0.183,Win,#9RG0VPUVY
Princess,Ice Wizard,4,+0.183,Win,#9RG0VPUVY
Princess,Ice Wizard,2,+0.183,Loss,#9RG0VPUVY
Golem,Flying Machine,3,+0.183,Win,#9RG0VPUVY
Electro Spirit,Giant Snowball,2,+0.184,Win,#9RG0VPUVY
Arrows,Barbarian Hut,2,+0.184,Win,#9RG0VPUVY
Golem,Mother Witch,2,+0.184,Loss,#9RG0VPUVY
Arrows,Barbarian Hut,1,+0.184,Loss,#9RG0VPUVY
Electro Spirit,Giant Snowball,1,+0.184,Win,#9RG0VPUVY
Skeleton Barrel,Zappies,1,+0.185,Win,#9RG0VPUVY
Three Musketeers,Valkyrie,1,+0.187,Win,#9RG0VPUVY
Dart Goblin,Elite Barbarians,3,+0.188,Win,#9RQ8YRYQL
The Log,Princess,3,+0.188,Win,#9RG0VPUVY
Fireball,Tombstone,4,+0.188,Win,#9RG0VPUVY
Fireball,Tombstone,1,+0.188,Loss,#9RG0VPUVY
Graveyard,Giant,1,+0.189,Win,#9RG0VPUVY
Goblin Hut,Royal Delivery,1,+0.189,Win,#9RG0VPUVY
Wizard,Elite Barbarians,2,+0.190,Win,#9RG0VPUVY
Executioner,Elite Barbarians,3,+0.191,Win,#9RQ8YRYQL
Executioner,Elite Barbarians,4,+0.191,Loss,#9RG0VPUVY
Firecracker,Hunter,1,+0.192,Win,#9RQ8YRYQL
Knight,Rage,2,+0.192,Loss,#9RG0VPUVY
Giant Snowball,Elixir Golem,2,+0.192,Win,#9RG0VPUVY
Graveyard,Flying Machine,1,+0.193,Loss,#9RG0VPUVY
Elite Barbarians,Royal Giant,3,+0.193,Win,#9RG0VPUVY
Graveyard,Flying Machine,2,+0.193,Loss,#9RG0VPUVY
Graveyard,Rune Giant,2,+0.194,Win,#9RG0VPUVY
Three Musketeers,Hunter,3,+0.195,Win,#9RG0VPUVY
Three Musketeers,Hunter,2,+0.195,Win,#9RG0VPUVY
Firecracker,Ram Rider,1,+0.197,Loss,#9RG0VPUVY
The Log,Rascals,2,+0.197,Loss,#9RG0VPUVY
Furnace,Heal Spirit,1,+0.197,Loss,#9RG0VPUVY
The Log,Rascals,2,+0.197,Win,#9RG0VPUVY
The Log,Rascals,2,+0.197,Win,#9RG0VPUVY
Wizard,Goblin Giant,4,+0.198,Win,#9RG0VPUVY
Arrows,Ice Wizard,4,+0.198,Win,#9RG0VPUVY
Arrows,Ice Wizard,4,+0.198,Win,#9RG0VPUVY
Graveyard,Night Witch,1,+0.199,Win,#9RG0VPUVY
Three Musketeers,Ram Rider,4,+0.200,Win,#9RG0VPUVY
Three Musketeers,Ram Rider,1,+0.200,Loss,#9RG0VPUVY
Electro Wizard,Ice Spirit,2,+0.200,Win,#9RG0VPUVY
Barbarian Barrel,Rascals,1,+0.201,Win,#9RG0VPUVY
Goblin Barrel,Electro Spirit,1,+0.203,Win,#9RG0VPUVY
Mega Knight,Fisherman,2,+0.204,Loss,#9RG0VPUVY
Vines,Executioner,2,+0.204,Win,#9RG0VPUVY
Ronin,Royal Giant,3,+0.204,Win,#9RG0VPUVY
Ronin,Royal Giant,4,+0.204,Win,#9RG0VPUVY
Golem,Hunter,2,+0.204,Win,#9RG0VPUVY
Arrows,Fisherman,2,+0.205,Win,#9RG0VPUVY
Vines,Wizard,1,+0.205,Win,#9RG0VPUVY
Mega Knight,Rune Giant,3,+0.205,Win,#9RG0VPUVY
Mega Knight,Rune Giant,2,+0.205,Loss,#9RG0VPUVY
Tesla,Rocket,2,+0.206,Win,#9RG0VPUVY
Tombstone,Rune Giant,1,+0.206,Win,#9RG0VPUVY
Arrows,Rune Giant,3,+0.206,Win,#9RG0VPUVY
Poison,Wizard,4,+0.206,Win,#9RG0VPUVY
Goblin Barrel,Ice Spirit,2,+0.207,Loss,#9RG0VPUVY
Goblin Drill,Princess,3,+0.209,Win,#9RG0VPUVY
Three Musketeers,Giant Snowball,2,+0.209,Win,#9RG0VPUVY
Heal Spirit,Lava Hound,4,+0.209,Win,#9RG0VPUVY
Fireball,Golem,2,+0.210,Loss,#9RG0VPUVY
Tombstone,Night Witch,1,+0.211,Win,#9RG0VPUVY
Furnace,Royal Delivery,1,+0.211,Win,#9RG0VPUVY
Barbarian Barrel,Firecracker,2,+0.211,Win,#9RG0VPUVY
Furnace,Royal Delivery,3,+0.211,Loss,#9RG0VPUVY
Fireball,Rascals,3,+0.212,Win,#9RG0VPUVY
Royal Hogs,Ice Wizard,2,+0.213,Win,#9RG0VPUVY
Goblin Demolisher,Royal Hogs,3,+0.215,Loss,#9RG0VPUVY
Three Musketeers,Tesla,4,+0.216,Win,#9RG0VPUVY
Skeleton Barrel,Graveyard,2,+0.217,Win,#9RG0VPUVY
Golem,Giant Snowball,4,+0.218,Win,#9RG0VPUVY
Zappies,Ice Wizard,2,+0.218,Win,#9RG0VPUVY
Zappies,Ice Wizard,4,+0.218,Loss,#9RG0VPUVY
Fireball,Three Musketeers,1,+0.219,Win,#9RG0VPUVY
Goblin Hut,Ice Wizard,3,+0.220,Win,#9RQ8YRYQL
Goblin Hut,Ice Wizard,3,+0.220,Win,#9RG0VPUVY
Goblin Hut,Ice Wizard,1,+0.220,Loss,#9RG0VPUVY
Goblin Hut,Ice Wizard,3,+0.220,Win,#9RG0VPUVY
Royal Hogs,Mother Witch,4,+0.221,Win,#9RG0VPUVY
Tombstone,Dark Prince,1,+0.222,Win,#9RG0VPUVY
Goblin Hut,Giant,2,+0.223,Loss,#9RG0VPUVY
Skeleton Army,Three Musketeers,2,+0.225,Win,#9RG0VPUVY
Night Witch,Inferno Tower,1,+0.225,Win,#9RQ8YRYQL
Night Witch,Inferno Tower,1,+0.225,Loss,#9RG0VPUVY
Skeleton Army,Three Musketeers,3,+0.225,Loss,#9RG0VPUVY
Poison,Knight,3,+0.225,Loss,#9RG0VPUVY
Poison,Zap,3,+0.225,Win,#9RG0VPUVY
Ice Spirit,Elite Barbarians,4,+0.225,Loss,#9RG0VPUVY
Inferno Dragon,Lava Hound,2,+0.225,Win,#9RG0VPUVY
Rune Giant,Elixir Golem,2,+0.226,Loss,#9RG0VPUVY
Fisherman,Elixir Golem,4,+0.227,Win,#9RG0VPUVY
Fisherman,Elixir Golem,1,+0.227,Win,#9RG0VPUVY
Graveyard,Giant Snowball,1,+0.228,Loss,#9RG0VPUVY
Goblin Barrel,Berserker,1,+0.228,Win,#9RG0VPUVY
Goblin Hut,Mother Witch,1,+0.228,Win,#9RG0VPUVY
Goblin Hut,Mother Witch,4,+0.228,Win,#9RG0VPUVY
Furnace,Barbarian Hut,1,+0.228,Loss,#9RG0VPUVY
Bandit,Lava Hound,2,+0.228,Loss,#9RG0VPUVY
The Log,Electro Spirit,4,+0.229,Win,#9RG0VPUVY
Goblin Demolisher,Tombstone,4,+0.230,Win,#9RG0VPUVY
Flying Machine,Inferno Tower,1,+0.231,Loss,#9RQ8YRYQL
Flying Machine,Inferno Tower,2,+0.231,Win,#9RG0VPUVY
Arrows,Ram Rider,4,+0.231,Win,#9RG0VPUVY
Musketeer,Zappies,1,+0.231,Win,#9RG0VPUVY
Goblin Hut,Night Witch,4,+0.233,Win,#9RG0VPUVY
Barbarian Barrel,Electro Spirit,1,+0.233,Win,#9RG0VPUVY
The Log,Ice Spirit,1,+0.233,Win,#9RG0VPUVY
The Log,Ice Spirit,4,+0.233,Win,#9RG0VPUVY
Witch,Knight,1,+0.234,Win,#9RG0VPUVY
Ice Wizard,Elixir Golem,3,+0.234,Win,#9RG0VPUVY
Skeleton Barrel,Three Musketeers,1,+0.236,Win,#9RG0VPUVY
Barbarian Barrel,Ice Spirit,2,+0.237,Loss,#9RG0VPUVY
Electro Wizard,Dart Goblin,4,+0.237,Loss,#9RG0VPUVY
Mega Knight,Giant Snowball,4,+0.239,Loss,#9RG0VPUVY
Tombstone,Giant Snowball,3,+0.240,Win,#9RG0VPUVY
Royal Hogs,Hunter,3,+0.241,Win,#9RQ8YRYQL
Goblin Barrel,Executioner,4,+0.241,Win,#9RG0VPUVY
Goblin Barrel,Wizard,2,+0.242,Win,#9RQ8YRYQL
Goblin Demolisher,Graveyard,3,+0.242,Win,#9RG0VPUVY
Goblin Demolisher,Graveyard,4,+0.242,Win,#9RG0VPUVY
Vines,Bandit,1,+0.244,Win,#9RG0VPUVY
Vines,Bandit,3,+0.244,Win,#9RG0VPUVY
Mother Witch,X-Bow,3,+0.244,Win,#9RG0VPUVY
Rune Giant,X-Bow,3,+0.244,Win,#9RG0VPUVY
Fireball,Electro Spirit,3,+0.244,Win,#9RG0VPUVY
Poison,Bandit,4,+0.245,Win,#9RG0VPUVY
Vines,Inferno Dragon,2,+0.247,Win,#9RG0VPUVY
Tombstone,Tesla,3,+0.247,Win,#9RG0VPUVY
Poison,Mortar,4,+0.247,Win,#9RG0VPUVY
Ram Rider,Royal Giant,3,+0.247,Win,#9RG0VPUVY
Goblin Hut,Hunter,3,+0.248,Win,#9RG0VPUVY
Zap,Lava Hound,2,+0.248,Win,#9RG0VPUVY
Skeleton Army,Electro Spirit,2,+0.250,Win,#9RG0VPUVY
Zappies,Ram Rider,1,+0.251,Win,#9RG0VPUVY
Goblin Demolisher,Golem,3,+0.252,Loss,#9RG0VPUVY
Skeleton Barrel,Baby Dragon,3,+0.252,Win,#9RG0VPUVY
Golem,Ronin,1,+0.252,Win,#9RG0VPUVY
Hunter,Royal Giant,4,+0.252,Win,#9RG0VPUVY
Goblin Drill,Ice Spirit,3,+0.254,Loss,#9RG0VPUVY
Skeleton Army,Ice Spirit,2,+0.254,Loss,#9RG0VPUVY
Skeleton Army,Ice Spirit,3,+0.254,Win,#9RG0VPUVY
Goblin Demolisher,Rascals,1,+0.254,Win,#9RQ8YRYQL
Three Musketeers,Elite Barbarians,1,+0.254,Loss,#9RG0VPUVY
Three Musketeers,Elite Barbarians,2,+0.254,Win,#9RG0VPUVY
Witch,Bandit,4,+0.254,Loss,#9RG0VPUVY
Ice Wizard,Rocket,3,+0.255,Loss,#9RG0VPUVY
Dark Prince,Royal Giant,2,+0.256,Win,#9RG0VPUVY
Witch,Inferno Dragon,3,+0.257,Loss,#9RG0VPUVY
Firecracker,Goblin Giant,1,+0.259,Win,#9RG0VPUVY
Firecracker,Goblin Giant,1,+0.259,Win,#9RG0VPUVY
Goblin Barrel,Zap,4,+0.261,Win,#9RG0VPUVY
Furnace,Valkyrie,1,+0.262,Win,#9RG0VPUVY
Goblin Demolisher,Firecracker,1,+0.264,Loss,#9RG0VPUVY
Dart Goblin,Lava Hound,1,+0.265,Loss,#9RG0VPUVY
Musketeer,Princess,1,+0.266,Win,#9RG0VPUVY
Musketeer,Princess,3,+0.266,Win,#9RG0VPUVY
Furnace,Dark Prince,1,+0.266,Win,#9RG0VPUVY
P.E.K.K.A,Elixir Golem,1,+0.266,Win,#9RG0VPUVY
Wizard,Lava Hound,2,+0.267,Loss,#9RG0VPUVY
The Log,Wizard,3,+0.268,Loss,#9RG0VPUVY
Goblin Hut,Tesla,2,+0.269,Win,#9RG0VPUVY
The Log,Dart Goblin,2,+0.270,Win,#9RG0VPUVY
Furnace,Hunter,3,+0.270,Win,#9RG0VPUVY
Firecracker,Rage,4,+0.272,Loss,#9RG0VPUVY
Firecracker,Rage,3,+0.272,Win,#9RG0VPUVY
Mother Witch,Royal Giant,4,+0.272,Win,#9RG0VPUVY
Graveyard,Elite Barbarians,1,+0.273,Loss,#9RG0VPUVY
Skeleton Army,Berserker,2,+0.275,Loss,#9RG0VPUVY
Musketeer,Rascals,1,+0.275,Win,#9RG0VPUVY
Three Musketeers,Rage,4,+0.275,Win,#9RG0VPUVY
Musketeer,Rascals,1,+0.275,Win,#9RG0VPUVY
Electro Wizard,Mortar,1,+0.276,Loss,#9RG0VPUVY
Giant,Royal Giant,1,+0.277,Win,#9RG0VPUVY
Goblin Demolisher,Baby Dragon,3,+0.277,Win,#9RG0VPUVY
Princess,Goblin Giant,4,+0.278,Win,#9RG0VPUVY
Heal Spirit,Elixir Golem,4,+0.279,Loss,#9RG0VPUVY
Heal Spirit,Elixir Golem,4,+0.279,Win,#9RG0VPUVY
Graveyard,Goblin Giant,1,+0.281,Win,#9RG0VPUVY
Berserker,Lava Hound,3,+0.281,Win,#9RG0VPUVY
Berserker,Lava Hound,3,+0.281,Win,#9RG0VPUVY
Berserker,Lava Hound,3,+0.281,Win,#9RG0VPUVY
Rascals,Rage,4,+0.282,Loss,#9RG0VPUVY
Fireball,Executioner,4,+0.282,Win,#9RG0VPUVY
Goblin Barrel,Inferno Dragon,3,+0.284,Win,#9RG0VPUVY
Mega Knight,Elite Barbarians,2,+0.284,Loss,#9RG0VPUVY
Golem,Rage,3,+0.284,Win,#9RG0VPUVY
Tombstone,Elite Barbarians,1,+0.285,Win,#9RG0VPUVY
Arrows,Elite Barbarians,3,+0.285,Loss,#9RG0VPUVY
Skeleton Barrel,Berserker,3,+0.286,Win,#9RG0VPUVY
Skeleton Barrel,Berserker,2,+0.286,Win,#9RG0VPUVY
Skeleton Barrel,Berserker,2,+0.286,Win,#9RG0VPUVY
Witch,P.E.K.K.A,3,+0.286,Win,#9RG0VPUVY
Skeleton Barrel,Berserker,4,+0.286,Loss,#9RG0VPUVY
The Log,Knight,1,+0.287,Win,#9RG0VPUVY
Goblin Drill,Dart Goblin,1,+0.291,Win,#9RG0VPUVY
Mortar,Elixir Golem,4,+0.296,Loss,#9RG0VPUVY
Mortar,Elixir Golem,2,+0.296,Loss,#9RG0VPUVY
Inferno Dragon,Inferno Tower,2,+0.299,Win,#9RG0VPUVY
Skeleton Barrel,Executioner,1,+0.299,Win,#9RG0VPUVY
Skeleton Barrel,Executioner,1,+0.299,Win,#9RG0VPUVY
Goblin Barrel,Heal Spirit,1,+0.300,Win,#9RG0VPUVY
Zappies,Elite Barbarians,2,+0.305,Loss,#9RG0VPUVY
Electro Spirit,Lava Hound,4,+0.306,Win,#9RG0VPUVY
The Log,Bandit,1,+0.307,Win,#9RG0VPUVY
Musketeer,Electro Spirit,1,+0.307,Loss,#9RG0VPUVY
Musketeer,Electro Spirit,2,+0.307,Win,#9RG0VPUVY
Goblin Drill,Zap,2,+0.308,Win,#9RG0VPUVY
Goblin Drill,Zap,2,+0.308,Loss,#9RG0VPUVY
The Log,Mortar,2,+0.309,Win,#9RG0VPUVY
The Log,Inferno Dragon,4,+0.310,Win,#9RQ8YRYQL
Barbarian Barrel,Bandit,2,+0.311,Win,#9RG0VPUVY
Musketeer,Ice Spirit,3,+0.311,Loss,#9RG0VPUVY
P.E.K.K.A,Royal Giant,2,+0.312,Win,#9RG0VPUVY
Barbarian Barrel,Mortar,1,+0.313,Win,#9RG0VPUVY
Goblin Barrel,P.E.K.K.A,3,+0.313,Win,#9RG0VPUVY
Zappies,Goblin Giant,1,+0.313,Win,#9RG0VPUVY
Barbarian Barrel,Inferno Dragon,3,+0.314,Win,#9RG0VPUVY
Poison,Fisherman,2,+0.316,Win,#9RG0VPUVY
Poison,Fisherman,4,+0.316,Loss,#9RG0VPUVY
Poison,Fisherman,3,+0.316,Loss,#9RG0VPUVY
Poison,Fisherman,1,+0.316,Win,#9RG0VPUVY
Poison,Mother Witch,1,+0.317,Loss,#9RG0VPUVY
Zap,Elixir Golem,4,+0.318,Win,#9RG0VPUVY
Knight,Elixir Golem,4,+0.318,Win,#9RG0VPUVY
Royal Hogs,Rage,3,+0.321,Win,#9RG0VPUVY
Royal Hogs,Rage,3,+0.321,Loss,#9RG0VPUVY
Suspicious Bush,Zappies,4,+0.321,Loss,#9RG0VPUVY
Royal Hogs,Rage,4,+0.321,Loss,#9RG0VPUVY
Suspicious Bush,Zappies,2,+0.321,Win,#9RG0VPUVY
Royal Hogs,Rage,1,+0.321,Win,#9RG0VPUVY
Poison,Night Witch,1,+0.322,Win,#9RQ8YRYQL
Fireball,Bandit,2,+0.322,Win,#9RG0VPUVY
Fireball,Bandit,4,+0.322,Win,#9RG0VPUVY
Witch,Fisherman,2,+0.325,Win,#9RG0VPUVY
Fireball,Inferno Dragon,4,+0.325,Win,#9RG0VPUVY
The Log,Heal Spirit,1,+0.326,Win,#9RG0VPUVY
Witch,Mother Witch,3,+0.326,Win,#9RG0VPUVY
Goblin Demolisher,Dart Goblin,2,+0.327,Loss,#9RG0VPUVY
Goblin Demolisher,Dart Goblin,3,+0.327,Win,#9RG0VPUVY
Vines,Valkyrie,4,+0.328,Win,#9RG0VPUVY
Vines,Valkyrie,1,+0.328,Loss,#9RG0VPUVY
Furnace,Elite Barbarians,1,+0.329,Win,#9RG0VPUVY
Furnace,Elite Barbarians,4,+0.329,Loss,#9RG0VPUVY
Goblin Drill,Mortar,3,+0.330,Win,#9RQ8YRYQL
Barbarian Barrel,Heal Spirit,3,+0.330,Loss,#9RG0VPUVY
Witch,Night Witch,2,+0.331,Win,#9RG0VPUVY
Goblin Drill,Inferno Dragon,4,+0.331,Win,#9RG0VPUVY
Poison,Dark Prince,2,+0.333,Win,#9RG0VPUVY
Furnace,Goblin Giant,3,+0.337,Win,#9RG0VPUVY
Wizard,Elixir Golem,3,+0.337,Win,#9RG0VPUVY
Witch,Valkyrie,1,+0.338,Win,#9RG0VPUVY
Golem,Lava Hound,1,+0.340,Win,#9RG0VPUVY
The Log,Royal Delivery,1,+0.340,Win,#9RG0VPUVY
Wizard,Inferno Tower,4,+0.341,Win,#9RG0VPUVY
Suspicious Bush,Tombstone,1,+0.341,Win,#9RG0VPUVY
Vines,Ram Rider,4,+0.341,Loss,#9RG0VPUVY
Vines,Ram Rider,1,+0.341,Win,#9RG0VPUVY
Fireball,Heal Spirit,4,+0.341,Win,#9RG0VPUVY
Inferno Dragon,Royal Giant,4,+0.341,Win,#9RG0VPUVY
Electro Wizard,Giant,3,+0.341,Win,#9RG0VPUVY
Inferno Dragon,Royal Giant,1,+0.341,Loss,#9RG0VPUVY
Skeleton Barrel,Inferno Dragon,4,+0.342,Win,#9RG0VPUVY
Witch,Dark Prince,2,+0.342,Win,#9RG0VPUVY
Bandit,Royal Giant,1,+0.344,Loss,#9RG0VPUVY
Bandit,Royal Giant,4,+0.344,Win,#9RG0VPUVY
Barbarian Barrel,Royal Delivery,3,+0.344,Loss,#9RG0VPUVY
Witch,Hunter,4,+0.346,Win,#9RG0VPUVY
Electro Wizard,Rune Giant,3,+0.346,Win,#9RG0VPUVY
Skeleton Army,Heal Spirit,1,+0.347,Win,#9RG0VPUVY
Goblin Barrel,Giant,2,+0.348,Win,#9RG0VPUVY
Musketeer,Dart Goblin,3,+0.348,Loss,#9RG0VPUVY
Graveyard,Lava Hound,2,+0.350,Win,#9RG0VPUVY
Graveyard,Lava Hound,2,+0.350,Loss,#9RG0VPUVY
Goblin Barrel,Fisherman,1,+0.352,Loss,#9RG0VPUVY
Goblin Barrel,Fisherman,1,+0.352,Win,#9RG0VPUVY
Fireball,P.E.K.K.A,3,+0.354,Win,#9RG0VPUVY
Dart Goblin,Rocket,4,+0.356,Win,#9RG0VPUVY
Dart Goblin,Rocket,3,+0.356,Loss,#9RG0VPUVY
Vines,Tesla,2,+0.357,Win,#9RG0VPUVY
Wizard,Rocket,3,+0.358,Loss,#9RG0VPUVY
Electro Wizard,Valkyrie,3,+0.358,Win,#9RG0VPUVY
Skeleton Army,P.E.K.K.A,3,+0.360,Loss,#9RG0VPUVY
Witch,Giant Snowball,1,+0.360,Loss,#9RG0VPUVY
Skeleton Army,Royal Delivery,2,+0.361,Win,#9RG0VPUVY
Goblin Drill,Royal Delivery,2,+0.361,Win,#9RG0VPUVY
Electro Wizard,Dark Prince,1,+0.362,Win,#9RG0VPUVY
Electro Wizard,Dark Prince,4,+0.362,Loss,#9RG0VPUVY
Arrows,Lava Hound,4,+0.362,Loss,#9RG0VPUVY
Electro Wizard,Dark Prince,1,+0.362,Win,#9RG0VPUVY
Goblin Demolisher,Bandit,1,+0.364,Win,#9RG0VPUVY
Goblin Demolisher,Bandit,1,+0.364,Win,#9RG0VPUVY
Zap,Royal Giant,4,+0.364,Win,#9RG0VPUVY
Knight,Royal Giant,1,+0.364,Loss,#9RG0VPUVY
Suspicious Bush,Rascals,2,+0.365,Win,#9RG0VPUVY
Witch,Tesla,4,+0.367,Loss,#9RG0VPUVY
Goblin Demolisher,Inferno Dragon,2,+0.367,Win,#9RG0VPUVY
Berserker,X-Bow,2,+0.369,Win,#9RG0VPUVY
The Log,Ice Wizard,4,+0.371,Win,#9RG0VPUVY
Skeleton Barrel,P.E.K.K.A,4,+0.371,Loss,#9RG0VPUVY
Berserker,Rocket,1,+0.372,Loss,#9RG0VPUVY
Suspicious Bush,Three Musketeers,2,+0.372,Loss,#9RG0VPUVY
Ice Spirit,Elixir Golem,4,+0.372,Win,#9RG0VPUVY
Ice Spirit,Elixir Golem,4,+0.372,Win,#9RG0VPUVY
Suspicious Bush,Firecracker,4,+0.375,Win,#9RG0VPUVY
Suspicious Bush,Firecracker,2,+0.375,Win,#9RG0VPUVY
Suspicious Bush,Firecracker,2,+0.375,Win,#9RG0VPUVY
Electro Spirit,Elixir Golem,1,+0.376,Win,#9RG0VPUVY
Ice Spirit,Inferno Tower,1,+0.376,Win,#9RG0VPUVY
The Log,Flying Machine,3,+0.378,Loss,#9RG0VPUVY
Barbarian Barrel,Giant,4,+0.378,Win,#9RG0VPUVY
Barbarian Barrel,Giant,1,+0.378,Win,#9RG0VPUVY
Skeleton Army,Barbarian Hut,2,+0.378,Loss,#9RG0VPUVY
Electro Wizard,Giant Snowball,2,+0.380,Win,#9RG0VPUVY
Electro Wizard,Giant Snowball,2,+0.380,Win,#9RG0VPUVY
Dart Goblin,Royal Giant,3,+0.381,Win,#9RG0VPUVY
Barbarian Barrel,Mother Witch,1,+0.383,Win,#9RG0VPUVY
Goblin Hut,Lava Hound,4,+0.384,Loss,#9RG0VPUVY
Goblin Hut,Lava Hound,4,+0.384,Loss,#9RG0VPUVY
Baby Dragon,Elixir Golem,4,+0.385,Win,#9RG0VPUVY
Goblin Barrel,Giant Snowball,1,+0.387,Loss,#9RG0VPUVY
Goblin Barrel,Giant Snowball,2,+0.387,Win,#9RG0VPUVY
Barbarian Barrel,Night Witch,3,+0.388,Win,#9RG0VPUVY
Fireball,Fisherman,4,+0.393,Win,#9RG0VPUVY
Fireball,Mother Witch,3,+0.394,Loss,#9RG0VPUVY
Goblin Barrel,Tesla,3,+0.394,Win,#9RG0VPUVY
Goblin Drill,Giant,3,+0.395,Win,#9RG0VPUVY
Goblin Drill,Giant,4,+0.395,Loss,#9RG0VPUVY
Goblin Drill,Giant,2,+0.395,Loss,#9RG0VPUVY
Vines,Elite Barbarians,4,+0.395,Win,#9RG0VPUVY
Barbarian Barrel,Valkyrie,2,+0.395,Win,#9RG0VPUVY
Goblin Demolisher,P.E.K.K.A,3,+0.396,Win,#9RG0VPUVY
Goblin Demolisher,P.E.K.K.A,2,+0.396,Win,#9RG0VPUVY
Goblin Demolisher,Royal Delivery,2,+0.397,Win,#9RQ8YRYQL
Goblin Demolisher,Royal Delivery,2,+0.397,Win,#9RG0VPUVY
Goblin Drill,Flying Machine,3,+0.399,Win,#9RG0VPUVY
Fireball,Night Witch,3,+0.399,Win,#9RG0VPUVY
Suspicious Bush,Ice Spirit,2,+0.401,Loss,#9RG0VPUVY
Three Musketeers,Elixir Golem,3,+0.401,Win,#9RG0VPUVY
Firecracker,Inferno Tower,1,+0.402,Win,#9RG0VPUVY
Baby Dragon,X-Bow,1,+0.403,Win,#9RG0VPUVY
Poison,Goblin Giant,1,+0.404,Loss,#9RG0VPUVY
Witch,Elite Barbarians,1,+0.405,Win,#9RG0VPUVY
Skeleton Barrel,Giant,1,+0.406,Win,#9RG0VPUVY
Furnace,Lava Hound,1,+0.406,Win,#9RG0VPUVY
Furnace,Lava Hound,3,+0.406,Win,#9RG0VPUVY
Fireball,Valkyrie,1,+0.406,Loss,#9RG0VPUVY
Barbarian Barrel,Ram Rider,1,+0.408,Win,#9RG0VPUVY
Fireball,Dark Prince,2,+0.410,Win,#9RG0VPUVY
Skeleton Barrel,Rune Giant,4,+0.411,Win,#9RG0VPUVY
Goblin Drill,Valkyrie,1,+0.412,Loss,#9RG0VPUVY
Skeleton Army,Valkyrie,2,+0.412,Win,#9RG0VPUVY
Witch,Goblin Giant,3,+0.413,Win,#9RG0VPUVY
Witch,Goblin Giant,2,+0.413,Win,#9RG0VPUVY
The Log,Giant Snowball,3,+0.413,Loss,#9RG0VPUVY
Skeleton Army,Dark Prince,3,+0.416,Win,#9RG0VPUVY
Princess,Elixir Golem,3,+0.417,Win,#9RG0VPUVY
Musketeer,P.E.K.K.A,3,+0.417,Loss,#9RG0VPUVY
Musketeer,P.E.K.K.A,1,+0.417,Win,#9RG0VPUVY
Princess,Elixir Golem,4,+0.417,Win,#9RG0VPUVY
Musketeer,P.E.K.K.A,1,+0.417,Loss,#9RG0VPUVY
Musketeer,Royal Delivery,3,+0.418,Loss,#9RG0VPUVY
Ice Spirit,Royal Giant,2,+0.418,Win,#9RG0VPUVY
Skeleton Army,Hunter,4,+0.420,Loss,#9RG0VPUVY
The Log,Tesla,2,+0.420,Win,#9RG0VPUVY
Skeleton Barrel,Valkyrie,4,+0.423,Loss,#9RG0VPUVY
Skeleton Army,Ram Rider,1,+0.425,Win,#9RG0VPUVY
Skeleton Army,Ram Rider,2,+0.425,Loss,#9RG0VPUVY
Goblin Drill,Ram Rider,4,+0.425,Loss,#9RG0VPUVY
Fireball,Giant Snowball,1,+0.428,Win,#9RG0VPUVY
Golem,Rocket,4,+0.431,Loss,#9RG0VPUVY
Mega Knight,Elixir Golem,3,+0.431,Win,#9RG0VPUVY
Goblin Drill,Giant Snowball,2,+0.434,Win,#9RG0VPUVY
Mega Knight,Inferno Tower,2,+0.435,Win,#9RG0VPUVY
Mega Knight,Inferno Tower,3,+0.435,Loss,#9RG0VPUVY
Mega Knight,Inferno Tower,4,+0.435,Win,#9RG0VPUVY
Tombstone,Inferno Tower,3,+0.436,Win,#9RG0VPUVY
Skeleton Barrel,Ram Rider,3,+0.436,Win,#9RG0VPUVY
Graveyard,X-Bow,1,+0.438,Win,#9RG0VPUVY
Firecracker,Royal Giant,1,+0.444,Win,#9RG0VPUVY
Electro Wizard,Rage,1,+0.446,Win,#9RG0VPUVY
Royal Hogs,Elixir Golem,1,+0.447,Win,#9RG0VPUVY
Three Musketeers,Royal Giant,2,+0.447,Win,#9RG0VPUVY
Three Musketeers,Royal Giant,1,+0.447,Loss,#9RG0VPUVY
Royal Hogs,Elixir Golem,1,+0.447,Win,#9RG0VPUVY
Mega Knight,X-Bow,1,+0.449,Win,#9RG0VPUVY
Mega Knight,Rocket,3,+0.452,Win,#9RG0VPUVY
Zappies,Elixir Golem,2,+0.452,Loss,#9RG0VPUVY
Musketeer,Giant,3,+0.452,Win,#9RG0VPUVY
Musketeer,Giant,3,+0.452,Loss,#9RG0VPUVY
Goblin Hut,Elixir Golem,2,+0.454,Win,#9RG0VPUVY
Suspicious Bush,Knight,3,+0.455,Win,#9RG0VPUVY
Suspicious Bush,Knight,2,+0.455,Win,#9RG0VPUVY
Suspicious Bush,Zap,3,+0.455,Win,#9RG0VPUVY
Suspicious Bush,Zap,3,+0.455,Win,#9RG0VPUVY
Golem,Royal Giant,1,+0.456,Win,#9RG0VPUVY
The Log,Elite Barbarians,2,+0.458,Win,#9RG0VPUVY
The Log,Elite Barbarians,1,+0.458,Loss,#9RG0VPUVY
Fireball,Ronin,4,+0.462,Win,#9RG0VPUVY
Royal Hogs,X-Bow,2,+0.465,Loss,#9RG0VPUVY
Graveyard,Royal Giant,2,+0.466,Loss,#9RG0VPUVY
Skeleton Army,Ronin,2,+0.468,Win,#9RG0VPUVY
Skeleton Army,Ronin,3,+0.468,Win,#9RG0VPUVY
Barbarian Barrel,Goblin Giant,1,+0.470,Win,#9RG0VPUVY
Vines,Lava Hound,3,+0.472,Win,#9RG0VPUVY
Poison,Lava Hound,1,+0.473,Loss,#9RG0VPUVY
Goblin Demolisher,Tesla,3,+0.477,Win,#9RG0VPUVY
Suspicious Bush,Mortar,1,+0.477,Loss,#9RG0VPUVY
Musketeer,Hunter,2,+0.477,Win,#9RG0VPUVY
Tombstone,Royal Giant,1,+0.478,Loss,#9RG0VPUVY
The Log,Rage,4,+0.479,Win,#9RG0VPUVY
The Log,Rage,1,+0.479,Win,#9RG0VPUVY
Fireball,Goblin Giant,3,+0.481,Win,#9RG0VPUVY
Musketeer,Ram Rider,3,+0.482,Win,#9RG0VPUVY
Skeleton Army,Goblin Giant,2,+0.487,Loss,#9RG0VPUVY
Goblin Drill,Goblin Giant,2,+0.487,Loss,#9RG0VPUVY
Musketeer,Giant Snowball,3,+0.491,Loss,#9RG0VPUVY
Royal Hogs,Royal Giant,1,+0.493,Win,#9RG0VPUVY
Fireball,Rage,2,+0.494,Loss,#9RG0VPUVY
Furnace,X-Bow,2,+0.494,Win,#9RG0VPUVY
Musketeer,Tesla,4,+0.498,Win,#9RG0VPUVY
Goblin Hut,Royal Giant,4,+0.500,Win,#9RG0VPUVY
Electro Wizard,Lava Hound,1,+0.502,Loss,#9RG0VPUVY
Electro Wizard,Lava Hound,3,+0.502,Win,#9RG0VPUVY
Suspicious Bush,P.E.K.K.A,2,+0.507,Loss,#9RG0VPUVY
Suspicious Bush,P.E.K.K.A,3,+0.507,Win,#9RG0VPUVY
Suspicious Bush,P.E.K.K.A,4,+0.507,Win,#9RG0VPUVY
Suspicious Bush,P.E.K.K.A,3,+0.507,Loss,#9RG0VPUVY
Suspicious Bush,Royal Delivery,4,+0.508,Win,#9RG0VPUVY
Goblin Barrel,Lava Hound,1,+0.509,Win,#9RG0VPUVY
Skeleton Barrel,Rage,4,+0.511,Win,#9RG0VPUVY
Goblin Demolisher,Elite Barbarians,2,+0.515,Win,#9RG0VPUVY
Goblin Demolisher,Goblin Giant,4,+0.523,Loss,#9RQ8YRYQL
Goblin Demolisher,Goblin Giant,4,+0.523,Loss,#9RG0VPUVY
Suspicious Bush,Barbarian Hut,3,+0.525,Win,#9RG0VPUVY
The Log,Lava Hound,4,+0.535,Win,#9RG0VPUVY
Goblin Demolisher,Rage,4,+0.536,Loss,#9RG0VPUVY
Suspicious Bush,Ice Wizard,3,+0.539,Win,#9RG0VPUVY
Suspicious Bush,Flying Machine,1,+0.546,Win,#9RG0VPUVY
Suspicious Bush,Flying Machine,3,+0.546,Win,#9RG0VPUVY
Poison,Inferno Tower,3,+0.547,Win,#9RG0VPUVY
Poison,Inferno Tower,4,+0.547,Loss,#9RG0VPUVY
Witch,Elixir Golem,2,+0.552,Win,#9RG0VPUVY
Suspicious Bush,Night Witch,4,+0.552,Win,#9RG0VPUVY
Goblin Drill,Lava Hound,1,+0.556,Win,#9RG0VPUVY
Skeleton Army,Lava Hound,3,+0.556,Win,#9RG0VPUVY
Goblin Drill,Lava Hound,3,+0.556,Win,#9RG0VPUVY
Musketeer,Rage,4,+0.557,Win,#9RQ8YRYQL
Suspicious Bush,Dark Prince,2,+0.563,Win,#9RG0VPUVY
Skeleton Barrel,Lava Hound,3,+0.567,Win,#9RG0VPUVY
Suspicious Bush,Hunter,1,+0.567,Loss,#9RG0VPUVY
Suspicious Bush,Ram Rider,3,+0.572,Win,#9RG0VPUVY
Electro Wizard,Inferno Tower,3,+0.576,Loss,#9RG0VPUVY
Suspicious Bush,Giant Snowball,4,+0.581,Loss,#9RG0VPUVY
Suspicious Bush,Giant Snowball,2,+0.581,Win,#9RG0VPUVY
Vines,Royal Giant,2,+0.588,Win,#9RG0VPUVY
Poison,Royal Giant,3,+0.589,Win,#9RG0VPUVY
Electro Wizard,Rocket,1,+0.593,Win,#9RG0VPUVY
The Log,Inferno Tower,1,+0.609,Win,#9RG0VPUVY
Barbarian Barrel,Inferno Tower,3,+0.613,Win,#9RG0VPUVY
The Log,X-Bow,4,+0.623,Win,#9RG0VPUVY
Goblin Drill,Elixir Golem,2,+0.626,Win,#9RG0VPUVY
Goblin Drill,Elixir Golem,4,+0.626,Win,#9RG0VPUVY
The Log,Rocket,1,+0.626,Win,#9RG0VPUVY
Skeleton Army,Inferno Tower,4,+0.630,Win,#9RG0VPUVY
Barbarian Barrel,Rocket,3,+0.630,Win,#9RG0VPUVY
Skeleton Barrel,Elixir Golem,4,+0.637,Win,#9RG0VPUVY
Skeleton Barrel,Elixir Golem,4,+0.637,Win,#9RG0VPUVY
Goblin Drill,X-Bow,3,+0.644,Win,#9RG0VPUVY
The Log,Royal Giant,2,+0.651,Loss,#9RG0VPUVY
Barbarian Barrel,Royal Giant,4,+0.655,Win,#9RG0VPUVY
Goblin Demolisher,Elixir Golem,1,+0.662,Win,#9RG0VPUVY
Musketeer,Elixir Golem,4,+0.683,Win,#9RG0VPUVY
Musketeer,Elixir Golem,4,+0.683,Win,#9RG0VPUVY
Skeleton Barrel,Royal Giant,3,+0.683,Win,#9RG0VPUVY
Musketeer,Inferno Tower,2,+0.687,Win,#9RG0VPUVY
Goblin Demolisher,Royal Giant,1,+0.708,Win,#9RG0VPUVY
Suspicious Bush,Elixir Golem,1,+0.773,Loss,#9RG0VPUVY
Suspicious Bush,X-Bow,4,+0.791,Win,#9RG0VPUVY
