Card A,Card B,Offered Together,A Picked,B Picked,A Pick Rate
Berserker,Skeleton Barrel,66,12,54,18.2%
Berserker,Executioner,64,46,18,71.9%
Fireball,Mother Witch,64,59,5,92.2%
Flying Machine,Graveyard,59,19,40,32.2%
Heal Spirit,Mother Witch,58,7,51,12.1%
Mother Witch,Poison,57,6,51,10.5%
Graveyard,Mother Witch,57,22,35,38.6%
Elite Barbarians,Mother Witch,56,17,39,30.4%
Elite Barbarians,Royal Delivery,55,28,27,50.9%
Hunter,Tombstone,55,27,28,49.1%
Barbarian Barrel,Mother Witch,55,40,15,72.7%
Executioner,Zappies,54,34,20,63.0%
Rage,Three Musketeers,54,8,46,14.8%
Bandit,Berserker,54,21,33,38.9%
Dart Goblin,P.E.K.K.A,54,25,29,46.3%
Elite Barbarians,Giant Snowball,54,36,18,66.7%
Giant,Skeleton Barrel,54,7,47,13.0%
Executioner,Mother Witch,53,42,11,79.2%
Flying Machine,Goblin Drill,53,6,47,11.3%
Inferno Tower,Ram Rider,53,31,22,58.5%
Valkyrie,Wizard,53,7,46,13.2%
Baby Dragon,Flying Machine,52,49,3,94.2%
Ice Wizard,Skeleton Barrel,52,5,47,9.6%
Baby Dragon,Zap,52,47,5,90.4%
Rage,Rocket,52,15,37,28.8%
Lava Hound,Rage,52,16,36,30.8%
Firecracker,Goblin Hut,52,24,28,46.2%
Elite Barbarians,Witch,51,1,50,2.0%
Executioner,Rune Giant,51,45,6,88.2%
Mega Knight,Mother Witch,51,45,6,88.2%
Elite Barbarians,Skeleton Army,51,1,50,2.0%
Flying Machine,Royal Giant,51,40,11,78.4%
P.E.K.K.A,Skeleton Barrel,51,1,50,2.0%
Ram Rider,Royal Delivery,51,24,27,47.1%
Berserker,Mother Witch,50,28,22,56.0%
Giant,Hunter,50,25,25,50.0%
Inferno Tower,Ronin,50,7,43,14.0%
Mother Witch,Tesla,50,25,25,50.0%
Elite Barbarians,Three Musketeers,50,7,43,14.0%
Electro Wizard,Royal Delivery,50,44,6,88.0%
Executioner,Flying Machine,50,35,15,70.0%
Mother Witch,Skeleton Barrel,49,13,36,26.5%
Goblin Drill,Royal Delivery,49,44,5,89.8%
Elite Barbarians,Executioner,49,5,44,10.2%
Ice Spirit,Zap,49,6,43,12.2%
Giant,Royal Delivery,49,41,8,83.7%
Fireball,Goblin Giant,49,47,2,95.9%
Elite Barbarians,Goblin Drill,49,6,43,12.2%
Poison,Royal Delivery,49,48,1,98.0%
Bandit,Three Musketeers,49,21,28,42.9%
Flying Machine,Golem,49,3,46,6.1%
Rascals,The Log,49,10,39,20.4%
Knight,Tesla,49,30,19,61.2%
Berserker,Golem,49,13,36,26.5%
Night Witch,Skeleton Barrel,48,5,43,10.4%
Barbarian Barrel,Flying Machine,48,35,13,72.9%
Mother Witch,Ram Rider,48,33,15,68.8%
Graveyard,Royal Delivery,48,39,9,81.2%
Goblin Drill,Skeleton Barrel,48,19,29,39.6%
Knight,Mega Knight,48,17,31,35.4%
Knight,Rune Giant,48,42,6,87.5%
Executioner,Poison,48,5,43,10.4%
Witch,Zap,48,43,5,89.6%
Executioner,Fisherman,48,45,3,93.8%
Berserker,Mega Knight,48,12,36,25.0%
Berserker,Elite Barbarians,48,38,10,79.2%
Golem,Rocket,48,43,5,89.6%
Three Musketeers,Valkyrie,48,37,11,77.1%
Elite Barbarians,Zappies,48,8,40,16.7%
Night Witch,Zappies,48,24,24,50.0%
Barbarian Barrel,The Log,48,30,18,62.5%
Barbarian Barrel,Inferno Tower,48,41,7,85.4%
Furnace,Giant Snowball,48,44,4,91.7%
Executioner,Rage,48,45,3,93.8%
Barbarian Barrel,Berserker,48,26,22,54.2%
Giant,Heal Spirit,47,39,8,83.0%
Rune Giant,Zappies,47,3,44,6.4%
Flying Machine,The Log,47,9,38,19.1%
Bandit,Rage,47,45,2,95.7%
Fireball,Ram Rider,47,44,3,93.6%
Ice Spirit,Royal Delivery,47,12,35,25.5%
Firecracker,Skeleton Barrel,47,7,40,14.9%
Fisherman,Flying Machine,47,6,41,12.8%
Elite Barbarians,The Log,47,8,39,17.0%
Giant Snowball,Valkyrie,47,10,37,21.3%
Goblin Drill,Heal Spirit,47,45,2,95.7%
Berserker,Goblin Demolisher,47,8,39,17.0%
Mortar,Royal Delivery,47,26,21,55.3%
Golem,Ice Spirit,47,43,4,91.5%
Baby Dragon,Bandit,47,39,8,83.0%
Golem,Mother Witch,47,43,4,91.5%
Dart Goblin,Giant,47,29,18,61.7%
Elixir Golem,Night Witch,47,2,45,4.3%
Elite Barbarians,Valkyrie,47,32,15,68.1%
Ice Wizard,Knight,47,6,41,12.8%
Berserker,Giant,47,36,11,76.6%
Inferno Tower,Mother Witch,47,15,32,31.9%
Mother Witch,Rascals,46,25,21,54.3%
Tesla,Three Musketeers,46,25,21,54.3%
Graveyard,Princess,46,37,9,80.4%
Goblin Demolisher,Skeleton Barrel,46,29,17,63.0%
Goblin Drill,Royal Hogs,46,21,25,45.7%
Elite Barbarians,Knight,46,12,34,26.1%
Electro Spirit,Mother Witch,46,8,38,17.4%
Ice Wizard,Mother Witch,46,8,38,17.4%
Fireball,Flying Machine,46,44,2,95.7%
Dart Goblin,Elite Barbarians,46,33,13,71.7%
Goblin Drill,Wizard,46,39,7,84.8%
Giant Snowball,Night Witch,46,6,40,13.0%
Baby Dragon,Berserker,46,25,21,54.3%
Heal Spirit,Tesla,46,5,41,10.9%
Rascals,Three Musketeers,46,16,30,34.8%
Barbarian Barrel,Golem,46,7,39,15.2%
Fireball,Skeleton Army,46,22,24,47.8%
Giant Snowball,Graveyard,46,4,42,8.7%
Giant Snowball,Zappies,46,4,42,8.7%
Giant,Mother Witch,46,21,25,45.7%
Dart Goblin,Three Musketeers,46,16,30,34.8%
Elixir Golem,Tesla,46,3,43,6.5%
Ice Spirit,Musketeer,46,1,45,2.2%
Graveyard,Hunter,46,40,6,87.0%
Fisherman,Witch,46,4,42,8.7%
Electro Spirit,Executioner,46,8,38,17.4%
Goblin Demolisher,Goblin Drill,46,28,18,60.9%
Flying Machine,Suspicious Bush,46,11,35,23.9%
Executioner,Mortar,46,29,17,63.0%
Mother Witch,Tombstone,46,43,3,93.5%
Baby Dragon,Rage,46,45,1,97.8%
Lava Hound,P.E.K.K.A,45,5,40,11.1%
Electro Spirit,Ronin,45,2,43,4.4%
Ice Spirit,P.E.K.K.A,45,11,34,24.4%
Barbarian Barrel,Skeleton Barrel,45,5,40,11.1%
Dart Goblin,Executioner,45,18,27,40.0%
Berserker,Valkyrie,45,39,6,86.7%
Hunter,Rascals,45,14,31,31.1%
Elixir Golem,Three Musketeers,45,1,44,2.2%
Berserker,Elixir Golem,45,44,1,97.8%
Skeleton Barrel,Witch,45,31,14,68.9%
Bandit,The Log,45,10,35,22.2%
Elite Barbarians,Skeleton Barrel,45,4,41,8.9%
Goblin Drill,Zappies,45,40,5,88.9%
Skeleton Barrel,Tesla,45,42,3,93.3%
Elixir Golem,Skeleton Army,45,1,44,2.2%
Elite Barbarians,Tombstone,45,9,36,20.0%
Executioner,Ram Rider,45,31,14,68.9%
Witch,Zappies,45,40,5,88.9%
Bandit,Barbarian Barrel,45,16,29,35.6%
Poison,Zap,45,40,5,88.9%
Elite Barbarians,Elixir Golem,45,37,8,82.2%
Executioner,Royal Delivery,45,35,10,77.8%
Goblin Demolisher,Musketeer,45,38,7,84.4%
Rage,Royal Hogs,45,2,43,4.4%
Hunter,Three Musketeers,45,9,36,20.0%
Executioner,Night Witch,45,37,8,82.2%
Berserker,Goblin Giant,45,38,7,84.4%
Berserker,Royal Giant,45,40,5,88.9%
Rage,Skeleton Barrel,45,0,45,0.0%
Lava Hound,The Log,44,4,40,9.1%
Berserker,Rocket,44,36,8,81.8%
Flying Machine,Mother Witch,44,21,23,47.7%
Goblin Drill,Ram Rider,44,42,2,95.5%
Mega Knight,Three Musketeers,44,36,8,81.8%
Giant Snowball,Ronin,44,4,40,9.1%
Lava Hound,Wizard,44,0,44,0.0%
Fireball,Skeleton Barrel,44,22,22,50.0%
Dart Goblin,Rune Giant,44,38,6,86.4%
Night Witch,Princess,44,16,28,36.4%
Baby Dragon,Inferno Tower,44,33,11,75.0%
Inferno Dragon,Wizard,44,14,30,31.8%
Heal Spirit,Ice Spirit,44,20,24,45.5%
Flying Machine,Giant,44,20,24,45.5%
Royal Delivery,Royal Giant,44,26,18,59.1%
Giant Snowball,Goblin Drill,44,0,44,0.0%
Elite Barbarians,Zap,44,17,27,38.6%
Mother Witch,Valkyrie,44,28,16,63.6%
Poison,Three Musketeers,44,41,3,93.2%
Goblin Barrel,Skeleton Barrel,44,22,22,50.0%
Elite Barbarians,Inferno Tower,44,23,21,52.3%
Baby Dragon,Firecracker,44,24,20,54.5%
Skeleton Barrel,Three Musketeers,44,36,8,81.8%
Graveyard,Lava Hound,44,44,0,100.0%
Giant,Lava Hound,44,41,3,93.2%
Giant Snowball,Mother Witch,44,3,41,6.8%
Night Witch,The Log,44,18,26,40.9%
Goblin Giant,Princess,44,15,29,34.1%
Berserker,Musketeer,44,17,27,38.6%
Executioner,Skeleton Barrel,44,10,34,22.7%
Elite Barbarians,Fireball,44,2,42,4.5%
Executioner,Knight,44,17,27,38.6%
Elite Barbarians,Poison,44,7,37,15.9%
Royal Delivery,The Log,44,4,40,9.1%
Elite Barbarians,Fisherman,44,38,6,86.4%
Night Witch,Rocket,44,28,16,63.6%
Goblin Barrel,Goblin Drill,44,17,27,38.6%
Ice Spirit,The Log,44,0,44,0.0%
Dart Goblin,Valkyrie,44,31,13,70.5%
Executioner,Princess,44,24,20,54.5%
Arrows,Skeleton Army,44,12,32,27.3%
Fisherman,Goblin Giant,44,16,28,36.4%
Goblin Demolisher,Tombstone,43,42,1,97.7%
Goblin Hut,Ram Rider,43,38,5,88.4%
Executioner,Musketeer,43,12,31,27.9%
Elixir Golem,Lava Hound,43,16,27,37.2%
Golem,Hunter,43,40,3,93.0%
Goblin Barrel,Golem,43,23,20,53.5%
Giant Snowball,Rune Giant,43,15,28,34.9%
Skeleton Army,Zappies,43,43,0,100.0%
Mega Knight,Skeleton Barrel,43,19,24,44.2%
Firecracker,P.E.K.K.A,43,26,17,60.5%
Mother Witch,Rune Giant,43,38,5,88.4%
Goblin Drill,P.E.K.K.A,43,36,7,83.7%
Arrows,Skeleton Barrel,43,9,34,20.9%
Berserker,Hunter,43,36,7,83.7%
Executioner,Three Musketeers,43,21,22,48.8%
Goblin Demolisher,Graveyard,43,37,6,86.0%
Mortar,Royal Giant,43,35,8,81.4%
Knight,Witch,43,12,31,27.9%
Ram Rider,Zap,43,19,24,44.2%
Giant,Tombstone,43,22,21,51.2%
Flying Machine,Rune Giant,43,36,7,83.7%
Executioner,Goblin Demolisher,43,1,42,2.3%
Flying Machine,Tesla,43,12,31,27.9%
Three Musketeers,Zappies,43,26,17,60.5%
Graveyard,Vines,43,16,27,37.2%
Goblin Barrel,Royal Delivery,43,42,1,97.7%
Goblin Drill,Golem,43,17,26,39.5%
Knight,Zap,43,35,8,81.4%
Goblin Demolisher,Royal Delivery,43,42,1,97.7%
Fireball,Valkyrie,43,42,1,97.7%
Royal Giant,Tombstone,43,10,33,23.3%
Goblin Giant,Rune Giant,43,28,15,65.1%
Flying Machine,Tombstone,43,15,28,34.9%
Executioner,Golem,43,3,40,7.0%
Inferno Tower,Zap,43,16,27,37.2%
Flying Machine,Three Musketeers,43,11,32,25.6%
Goblin Drill,Rage,43,43,0,100.0%
Berserker,Heal Spirit,42,42,0,100.0%
Heal Spirit,Inferno Dragon,42,4,38,9.5%
Goblin Hut,Poison,42,11,31,26.2%
Royal Giant,Valkyrie,42,13,29,31.0%
Dart Goblin,Zap,42,27,15,64.3%
Giant,Zappies,42,17,25,40.5%
Royal Delivery,Tombstone,42,9,33,21.4%
Flying Machine,Ram Rider,42,25,17,59.5%
Knight,Mother Witch,42,27,15,64.3%
Mother Witch,Zappies,42,23,19,54.8%
Rocket,Tombstone,42,20,22,47.6%
Graveyard,Mega Knight,42,16,26,38.1%
Berserker,Tesla,42,30,12,71.4%
Inferno Dragon,Rune Giant,42,39,3,92.9%
Firecracker,Giant,42,27,15,64.3%
Skeleton Barrel,Tombstone,42,42,0,100.0%
Electro Spirit,Giant,42,14,28,33.3%
Inferno Tower,P.E.K.K.A,42,21,21,50.0%
Golem,Mega Knight,42,23,19,54.8%
Giant,Goblin Demolisher,42,1,41,2.4%
Goblin Drill,Princess,42,39,3,92.9%
Rocket,Ronin,42,7,35,16.7%
Rage,Ram Rider,42,8,34,19.0%
Elite Barbarians,P.E.K.K.A,42,9,33,21.4%
Tesla,Witch,42,6,36,14.3%
Flying Machine,Zappies,42,11,31,26.2%
Fireball,Three Musketeers,42,41,1,97.6%
Three Musketeers,Tombstone,42,24,18,57.1%
Electro Spirit,Tesla,42,5,37,11.9%
Mortar,Three Musketeers,42,17,25,40.5%
Tesla,Zappies,42,28,14,66.7%
Night Witch,Royal Hogs,42,6,36,14.3%
Rune Giant,Three Musketeers,42,9,33,21.4%
Fireball,Mega Knight,42,25,17,59.5%
Goblin Giant,Ram Rider,42,11,31,26.2%
Tombstone,Witch,42,5,37,11.9%
Hunter,Tesla,42,18,24,42.9%
Flying Machine,Rage,42,39,3,92.9%
Goblin Barrel,Rascals,42,40,2,95.2%
Goblin Hut,Heal Spirit,42,41,1,97.6%
Ram Rider,Skeleton Barrel,42,1,41,2.4%
Goblin Barrel,Graveyard,42,33,9,78.6%
Berserker,Fireball,42,9,33,21.4%
Fireball,Fisherman,42,40,2,95.2%
Dart Goblin,Goblin Demolisher,42,1,41,2.4%
Bandit,Royal Giant,42,38,4,90.5%
Ice Spirit,Royal Giant,42,30,12,71.4%
Giant Snowball,Three Musketeers,42,8,34,19.0%
Ice Wizard,Zappies,42,4,38,9.5%
Executioner,Giant Snowball,42,38,4,90.5%
Electro Wizard,Inferno Dragon,42,40,2,95.2%
Giant Snowball,Tesla,42,5,37,11.9%
Mother Witch,P.E.K.K.A,42,20,22,47.6%
Giant Snowball,Suspicious Bush,42,1,41,2.4%
Fireball,Ronin,42,30,12,71.4%
Suspicious Bush,Valkyrie,42,40,2,95.2%
Berserker,Knight,42,23,19,54.8%
Berserker,Mortar,42,32,10,76.2%
Electro Spirit,Rage,42,32,10,76.2%
Fireball,Rascals,42,42,0,100.0%
Barbarian Barrel,Royal Delivery,42,34,8,81.0%
Fireball,Rocket,42,42,0,100.0%
Flying Machine,Night Witch,42,15,27,35.7%
Musketeer,Royal Delivery,42,40,2,95.2%
Goblin Drill,Poison,42,18,24,42.9%
Hunter,Mother Witch,42,14,28,33.3%
Electro Spirit,Goblin Drill,42,0,42,0.0%
Barbarian Barrel,Electro Spirit,42,42,0,100.0%
Bandit,Giant,42,18,24,42.9%
Inferno Tower,Three Musketeers,41,10,31,24.4%
Ice Wizard,Tesla,41,6,35,14.6%
Furnace,Knight,41,18,23,43.9%
Graveyard,Zappies,41,32,9,78.0%
Inferno Tower,The Log,41,8,33,19.5%
Giant,Three Musketeers,41,21,20,51.2%
Electro Wizard,Lava Hound,41,40,1,97.6%
Fireball,Zap,41,41,0,100.0%
Tesla,Valkyrie,41,33,8,80.5%
Bandit,Elixir Golem,41,35,6,85.4%
Rascals,Valkyrie,41,31,10,75.6%
Berserker,Graveyard,41,25,16,61.0%
Electro Wizard,Mega Knight,41,12,29,29.3%
Dart Goblin,Mother Witch,41,14,27,34.1%
Fireball,Royal Delivery,41,41,0,100.0%
Fireball,X-Bow,41,37,4,90.2%
Berserker,Tombstone,41,28,13,68.3%
Electro Spirit,Skeleton Army,41,1,40,2.4%
Flying Machine,Poison,41,3,38,7.3%
Hunter,Royal Giant,41,31,10,75.6%
Giant,The Log,41,13,28,31.7%
Graveyard,Valkyrie,41,32,9,78.0%
Baby Dragon,Lava Hound,41,39,2,95.1%
Goblin Drill,Royal Giant,41,39,2,95.1%
Firecracker,Mortar,41,32,9,78.0%
Night Witch,Three Musketeers,41,16,25,39.0%
Goblin Hut,Night Witch,41,30,11,73.2%
Executioner,Inferno Dragon,41,24,17,58.5%
Ice Wizard,Royal Giant,41,30,11,73.2%
Night Witch,Poison,41,3,38,7.3%
Ice Wizard,Lava Hound,41,33,8,80.5%
Inferno Tower,Skeleton Barrel,41,3,38,7.3%
Flying Machine,Witch,41,2,39,4.9%
Firecracker,Wizard,41,25,16,61.0%
Hunter,Knight,41,11,30,26.8%
Elite Barbarians,Night Witch,41,13,28,31.7%
Berserker,Ronin,41,17,24,41.5%
Goblin Barrel,Tombstone,41,39,2,95.1%
Elite Barbarians,Ram Rider,41,26,15,63.4%
Berserker,Flying Machine,41,37,4,90.2%
Electro Wizard,Flying Machine,41,34,7,82.9%
Giant,Goblin Drill,41,6,35,14.6%
Ice Wizard,Rage,41,37,4,90.2%
Inferno Dragon,Valkyrie,41,31,10,75.6%
Fireball,Rune Giant,41,40,1,97.6%
Fisherman,Three Musketeers,41,4,37,9.8%
Golem,Skeleton Barrel,41,19,22,46.3%
Dart Goblin,Poison,41,6,35,14.6%
Electro Spirit,Fireball,41,0,41,0.0%
Royal Giant,Skeleton Barrel,41,2,39,4.9%
Firecracker,Fisherman,41,40,1,97.6%
Dark Prince,Fireball,41,4,37,9.8%
Goblin Demolisher,Golem,41,21,20,51.2%
Ice Spirit,Mother Witch,41,11,30,26.8%
Giant,Graveyard,41,13,28,31.7%
Elite Barbarians,Golem,41,6,35,14.6%
Elite Barbarians,Goblin Demolisher,41,2,39,4.9%
Berserker,Goblin Drill,41,9,32,22.0%
Barbarian Barrel,Rune Giant,41,36,5,87.8%
Night Witch,Skeleton Army,41,5,36,12.2%
Rage,Rune Giant,41,19,22,46.3%
Goblin Drill,Lava Hound,41,38,3,92.7%
Hunter,Princess,41,15,26,36.6%
Goblin Demolisher,The Log,40,39,1,97.5%
Rage,Valkyrie,40,12,28,30.0%
Ice Spirit,Suspicious Bush,40,0,40,0.0%
Fireball,P.E.K.K.A,40,30,10,75.0%
Flying Machine,Heal Spirit,40,30,10,75.0%
P.E.K.K.A,Royal Delivery,40,22,18,55.0%
Mega Knight,Royal Delivery,40,36,4,90.0%
Giant,Inferno Dragon,40,17,23,42.5%
Baby Dragon,Mega Knight,40,12,28,30.0%
Royal Giant,Suspicious Bush,40,3,37,7.5%
Baby Dragon,Rascals,40,30,10,75.0%
Furnace,Inferno Tower,40,28,12,70.0%
Musketeer,P.E.K.K.A,40,33,7,82.5%
Princess,Tesla,40,23,17,57.5%
Royal Giant,Zappies,40,7,33,17.5%
Fireball,Goblin Demolisher,40,28,12,70.0%
Bandit,Mother Witch,40,20,20,50.0%
Skeleton Army,Valkyrie,40,33,7,82.5%
Flying Machine,Goblin Giant,40,25,15,62.5%
Graveyard,Rune Giant,40,38,2,95.0%
Elixir Golem,Zap,40,8,32,20.0%
Mega Knight,Tombstone,40,33,7,82.5%
Golem,Graveyard,40,29,11,72.5%
Rocket,Witch,40,13,27,32.5%
Elite Barbarians,Goblin Giant,40,26,14,65.0%
Ice Spirit,Ronin,40,0,40,0.0%
Golem,Poison,40,22,18,55.0%
Goblin Drill,Goblin Giant,40,38,2,95.0%
Executioner,Tombstone,40,35,5,87.5%
Ram Rider,Ronin,40,5,35,12.5%
Dart Goblin,Ice Spirit,40,34,6,85.0%
Berserker,Firecracker,40,32,8,80.0%
Goblin Giant,Royal Delivery,40,19,21,47.5%
Hunter,Inferno Dragon,40,13,27,32.5%
P.E.K.K.A,Witch,40,6,34,15.0%
Princess,Zappies,40,21,19,52.5%
Goblin Hut,Skeleton Barrel,40,15,25,37.5%
Fireball,Suspicious Bush,40,33,7,82.5%
Dark Prince,Giant Snowball,40,25,15,62.5%
Ice Wizard,Three Musketeers,40,8,32,20.0%
Ice Wizard,Wizard,40,1,39,2.5%
P.E.K.K.A,Rune Giant,40,34,6,85.0%
Berserker,Ice Spirit,40,39,1,97.5%
Goblin Giant,Hunter,40,13,27,32.5%
Mega Knight,The Log,40,27,13,67.5%
Elite Barbarians,Wizard,40,5,35,12.5%
Bandit,Goblin Demolisher,40,0,40,0.0%
Royal Delivery,Rune Giant,40,27,13,67.5%
Executioner,Ice Wizard,40,38,2,95.0%
Graveyard,P.E.K.K.A,40,37,3,92.5%
Dart Goblin,Giant Snowball,40,33,7,82.5%
Dart Goblin,Skeleton Barrel,40,10,30,25.0%
Goblin Giant,Skeleton Army,40,2,38,5.0%
Mortar,Tesla,40,13,27,32.5%
Electro Spirit,Ice Spirit,40,27,13,67.5%
Baby Dragon,Rune Giant,40,36,4,90.0%
Baby Dragon,Zappies,40,31,9,77.5%
Elixir Golem,Royal Giant,40,17,23,42.5%
Barbarian Barrel,Hunter,40,25,15,62.5%
Goblin Hut,Hunter,40,34,6,85.0%
Elixir Golem,Rage,40,12,28,30.0%
Giant Snowball,The Log,40,1,39,2.5%
Furnace,Hunter,40,24,16,60.0%
Bandit,Heal Spirit,40,37,3,92.5%
Mortar,Skeleton Barrel,40,1,39,2.5%
Fisherman,Goblin Drill,40,1,39,2.5%
Goblin Demolisher,Three Musketeers,40,38,2,95.0%
Three Musketeers,Witch,40,12,28,30.0%
Executioner,Ronin,40,9,31,22.5%
Fisherman,Zappies,40,3,37,7.5%
Heal Spirit,Royal Giant,40,22,18,55.0%
Golem,Ice Wizard,40,38,2,95.0%
Goblin Demolisher,Knight,40,37,3,92.5%
Executioner,Wizard,40,19,21,47.5%
Giant Snowball,Heal Spirit,40,22,18,55.0%
Poison,Tombstone,40,38,2,95.0%
Fireball,Witch,40,33,7,82.5%
Electro Spirit,Tombstone,40,4,36,10.0%
Baby Dragon,Royal Delivery,40,38,2,95.0%
Barbarian Hut,Executioner,39,13,26,33.3%
Bandit,Rascals,39,18,21,46.2%
Electro Spirit,Royal Giant,39,22,17,56.4%
Rune Giant,The Log,39,4,35,10.3%
Barbarian Barrel,Fireball,39,4,35,10.3%
Berserker,Furnace,39,31,8,79.5%
Tesla,Tombstone,39,22,17,56.4%
Inferno Dragon,Skeleton Barrel,39,3,36,7.7%
Inferno Dragon,Royal Giant,39,36,3,92.3%
Bandit,Night Witch,39,13,26,33.3%
Firecracker,Goblin Drill,39,7,32,17.9%
Barbarian Barrel,Zap,39,32,7,82.1%
Arrows,Three Musketeers,39,25,14,64.1%
Executioner,The Log,39,15,24,38.5%
Elixir Golem,Executioner,39,0,39,0.0%
Giant Snowball,Goblin Giant,39,8,31,20.5%
Rascals,Tesla,39,16,23,41.0%
Elite Barbarians,Firecracker,39,6,33,15.4%
Fireball,Golem,39,15,24,38.5%
Royal Delivery,Skeleton Barrel,39,4,35,10.3%
P.E.K.K.A,Vines,39,7,32,17.9%
Ram Rider,The Log,39,1,38,2.6%
Goblin Hut,Ice Wizard,39,37,2,94.9%
Giant Snowball,P.E.K.K.A,39,5,34,12.8%
Berserker,Witch,39,17,22,43.6%
Barbarian Barrel,Royal Hogs,39,8,31,20.5%
Executioner,Goblin Drill,39,9,30,23.1%
Giant,Ronin,39,10,29,25.6%
Goblin Giant,Night Witch,39,14,25,35.9%
Mega Knight,Witch,39,31,8,79.5%
Baby Dragon,Princess,39,26,13,66.7%
Elixir Golem,Rascals,39,3,36,7.7%
Graveyard,Tombstone,39,27,12,69.2%
Firecracker,Zap,39,35,4,89.7%
Berserker,Night Witch,39,23,16,59.0%
Mother Witch,Witch,39,21,18,53.8%
Arrows,Knight,39,25,14,64.1%
Bandit,Skeleton Barrel,39,3,36,7.7%
Hunter,Skeleton Barrel,39,3,36,7.7%
Executioner,P.E.K.K.A,39,26,13,66.7%
Goblin Demolisher,Ronin,39,32,7,82.1%
Ice Spirit,Mega Knight,39,4,35,10.3%
Goblin Giant,Witch,39,2,37,5.1%
Elixir Golem,Tombstone,39,1,38,2.6%
Fireball,Giant Snowball,39,39,0,100.0%
Flying Machine,Inferno Dragon,39,15,24,38.5%
Barbarian Barrel,Dart Goblin,39,27,12,69.2%
Bandit,Electro Spirit,39,32,7,82.1%
Knight,Ronin,39,9,30,23.1%
Fisherman,Ice Spirit,39,13,26,33.3%
Knight,The Log,39,23,16,59.0%
Baby Dragon,Ronin,39,16,23,41.0%
Bandit,Elite Barbarians,39,23,16,59.0%
Barbarian Hut,Goblin Giant,39,24,15,61.5%
Skeleton Barrel,The Log,39,34,5,87.2%
Executioner,Royal Hogs,39,6,33,15.4%
Golem,Mortar,39,36,3,92.3%
Barbarian Barrel,Mortar,39,31,8,79.5%
Electro Wizard,Ice Spirit,39,35,4,89.7%
Bandit,Hunter,39,22,17,56.4%
Mother Witch,Skeleton Army,39,11,28,28.2%
Berserker,Electro Wizard,39,17,22,43.6%
Flying Machine,Hunter,39,14,25,35.9%
Electro Spirit,Royal Delivery,39,15,24,38.5%
Golem,Rascals,39,36,3,92.3%
Poison,Wizard,39,35,4,89.7%
Goblin Barrel,P.E.K.K.A,39,37,2,94.9%
Inferno Tower,Royal Delivery,39,20,19,51.3%
Elixir Golem,Flying Machine,39,6,33,15.4%
Elite Barbarians,Mortar,39,16,23,41.0%
Fireball,Firecracker,39,36,3,92.3%
Electro Wizard,Goblin Barrel,39,5,34,12.8%
Executioner,Royal Giant,39,32,7,82.1%
Goblin Demolisher,Mother Witch,39,39,0,100.0%
Ram Rider,Witch,39,3,36,7.7%
Golem,Tesla,39,34,5,87.2%
Elite Barbarians,Hunter,39,9,30,23.1%
Arrows,Elite Barbarians,39,36,3,92.3%
Skeleton Army,Zap,39,38,1,97.4%
Electro Spirit,Ice Wizard,39,21,18,53.8%
Rune Giant,Wizard,39,4,35,10.3%
Firecracker,Mother Witch,39,29,10,74.4%
Musketeer,Ronin,39,17,22,43.6%
Royal Delivery,Skeleton Army,39,2,37,5.1%
Lava Hound,Mother Witch,39,3,36,7.7%
Goblin Giant,Musketeer,39,5,34,12.8%
Knight,Royal Delivery,39,31,8,79.5%
Giant,Rascals,39,23,16,59.0%
Rune Giant,Tesla,39,4,35,10.3%
Arrows,Firecracker,39,33,6,84.6%
Berserker,Lava Hound,39,36,3,92.3%
Fisherman,Tesla,39,6,33,15.4%
Electro Spirit,Inferno Dragon,39,11,28,28.2%
Heal Spirit,Mega Knight,39,3,36,7.7%
Firecracker,Witch,39,22,17,56.4%
Heal Spirit,X-Bow,39,13,26,33.3%
Poison,Witch,39,34,5,87.2%
Flying Machine,Zap,39,24,15,61.5%
Lava Hound,Valkyrie,39,6,33,15.4%
Giant,Royal Giant,39,33,6,84.6%
Fireball,Wizard,39,33,6,84.6%
Giant,Rune Giant,39,32,7,82.1%
Berserker,P.E.K.K.A,39,26,13,66.7%
Poison,Royal Giant,38,34,4,89.5%
Golem,Heal Spirit,38,37,1,97.4%
Inferno Dragon,Vines,38,7,31,18.4%
Heal Spirit,Skeleton Army,38,1,37,2.6%
Elite Barbarians,Ice Spirit,38,15,23,39.5%
Graveyard,Tesla,38,23,15,60.5%
Inferno Tower,Wizard,38,4,34,10.5%
Elixir Golem,Ronin,38,1,37,2.6%
Poison,The Log,38,37,1,97.4%
Berserker,Inferno Dragon,38,27,11,71.1%
Princess,Royal Delivery,38,31,7,81.6%
Electro Wizard,Zappies,38,34,4,89.5%
Heal Spirit,Skeleton Barrel,38,0,38,0.0%
Elixir Golem,Skeleton Barrel,38,1,37,2.6%
Elite Barbarians,Musketeer,38,4,34,10.5%
Goblin Giant,Mega Knight,38,4,34,10.5%
Firecracker,Rune Giant,38,36,2,94.7%
Barbarian Barrel,Goblin Giant,38,33,5,86.8%
Barbarian Hut,Berserker,38,12,26,31.6%
Ram Rider,Royal Giant,38,26,12,68.4%
Flying Machine,Goblin Hut,38,6,32,15.8%
Inferno Dragon,Skeleton Army,38,6,32,15.8%
Royal Hogs,Wizard,38,25,13,65.8%
P.E.K.K.A,Rascals,38,18,20,47.4%
Ram Rider,Valkyrie,38,26,12,68.4%
Berserker,Royal Delivery,38,36,2,94.7%
Electro Wizard,Heal Spirit,38,35,3,92.1%
Golem,Princess,38,32,6,84.2%
Fisherman,Knight,38,4,34,10.5%
Ice Spirit,Poison,38,2,36,5.3%
Electro Spirit,Flying Machine,38,9,29,23.7%
Dart Goblin,Goblin Drill,38,4,34,10.5%
Giant,Witch,38,2,36,5.3%
Barbarian Hut,Valkyrie,38,31,7,81.6%
Princess,Rage,38,36,2,94.7%
Elixir Golem,P.E.K.K.A,38,4,34,10.5%
Hunter,Ram Rider,38,24,14,63.2%
Knight,Royal Giant,38,31,7,81.6%
Executioner,Tesla,38,16,22,42.1%
Barbarian Barrel,Three Musketeers,38,28,10,73.7%
Knight,Tombstone,38,29,9,76.3%
Executioner,Ice Spirit,38,33,5,86.8%
Musketeer,Night Witch,38,29,9,76.3%
Goblin Demolisher,Goblin Hut,38,29,9,76.3%
Goblin Giant,Zappies,38,7,31,18.4%
Skeleton Army,Witch,38,28,10,73.7%
Fireball,Royal Hogs,38,24,14,63.2%
Dart Goblin,Tombstone,38,19,19,50.0%
Elixir Golem,Goblin Drill,38,0,38,0.0%
Dart Goblin,Goblin Hut,38,8,30,21.1%
Rage,Wizard,38,2,36,5.3%
Baby Dragon,P.E.K.K.A,38,25,13,65.8%
Elite Barbarians,Suspicious Bush,38,5,33,13.2%
Mother Witch,Royal Delivery,38,33,5,86.8%
Goblin Giant,The Log,38,12,26,31.6%
Bandit,Ice Wizard,38,32,6,84.2%
Rage,Zappies,38,1,37,2.6%
Electro Spirit,Goblin Hut,38,3,35,7.9%
Electro Wizard,Night Witch,38,30,8,78.9%
Ram Rider,Vines,38,3,35,7.9%
Bandit,Goblin Drill,38,4,34,10.5%
Golem,Rage,38,35,3,92.1%
Arrows,Goblin Demolisher,38,6,32,15.8%
Graveyard,Ram Rider,38,30,8,78.9%
Graveyard,Skeleton Army,38,7,31,18.4%
Fisherman,Golem,38,2,36,5.3%
Goblin Drill,X-Bow,38,34,4,89.5%
Bandit,Ice Spirit,38,33,5,86.8%
Giant,Princess,38,18,20,47.4%
Skeleton Army,The Log,38,28,10,73.7%
Dart Goblin,Mortar,38,24,14,63.2%
Furnace,Tombstone,38,28,10,73.7%
Royal Delivery,Tesla,38,5,33,13.2%
Fireball,Poison,38,22,16,57.9%
Princess,Royal Hogs,38,3,35,7.9%
Dart Goblin,Lava Hound,38,37,1,97.4%
Rascals,Vines,38,6,32,15.8%
Giant,Mortar,38,23,15,60.5%
Furnace,Ronin,38,9,29,23.7%
Baby Dragon,Three Musketeers,38,16,22,42.1%
Goblin Giant,Royal Giant,38,24,14,63.2%
Rascals,Skeleton Army,38,2,36,5.3%
Ice Spirit,Ram Rider,38,14,24,36.8%
Furnace,Goblin Drill,38,5,33,13.2%
Giant Snowball,Rocket,38,14,24,36.8%
Barbarian Barrel,Elite Barbarians,38,31,7,81.6%
Dark Prince,Electro Spirit,38,24,14,63.2%
Royal Delivery,Witch,38,3,35,7.9%
Giant Snowball,Skeleton Barrel,38,0,38,0.0%
Goblin Barrel,Royal Giant,38,37,1,97.4%
Goblin Drill,Musketeer,37,28,9,75.7%
Fireball,Hunter,37,36,1,97.3%
Princess,Rocket,37,28,9,75.7%
Fisherman,Poison,37,2,35,5.4%
Mega Knight,Zap,37,34,3,91.9%
Dark Prince,Tombstone,37,6,31,16.2%
Heal Spirit,Ronin,37,3,34,8.1%
Fireball,Rage,37,37,0,100.0%
Elixir Golem,Mega Knight,37,3,34,8.1%
Barbarian Barrel,Mega Knight,37,12,25,32.4%
Giant Snowball,Rage,37,27,10,73.0%
Electro Wizard,Elite Barbarians,37,36,1,97.3%
Giant Snowball,Musketeer,37,0,37,0.0%
Inferno Dragon,The Log,37,15,22,40.5%
Berserker,Fisherman,37,36,1,97.3%
Barbarian Barrel,Ram Rider,37,29,8,78.4%
Bandit,Furnace,37,18,19,48.6%
Firecracker,Tesla,37,25,12,67.6%
Arrows,Tombstone,37,30,7,81.1%
Mega Knight,Tesla,37,32,5,86.5%
Ice Wizard,Royal Delivery,37,15,22,40.5%
Elixir Golem,Royal Hogs,37,1,36,2.7%
Ice Spirit,Three Musketeers,37,11,26,29.7%
Bandit,Royal Hogs,37,5,32,13.5%
Goblin Hut,Golem,37,8,29,21.6%
Goblin Barrel,Hunter,37,35,2,94.6%
Golem,Suspicious Bush,37,29,8,78.4%
Goblin Hut,Rascals,37,31,6,83.8%
Dark Prince,Flying Machine,37,9,28,24.3%
Goblin Hut,Knight,37,23,14,62.2%
Goblin Barrel,Skeleton Army,37,9,28,24.3%
Musketeer,Three Musketeers,37,23,14,62.2%
Rune Giant,Valkyrie,37,10,27,27.0%
Giant,Rage,37,26,11,70.3%
Berserker,X-Bow,37,24,13,64.9%
Firecracker,Valkyrie,37,35,2,94.6%
Elite Barbarians,Flying Machine,37,17,20,45.9%
Barbarian Barrel,Executioner,37,26,11,70.3%
Bandit,Inferno Tower,37,24,13,64.9%
Inferno Dragon,Zappies,37,7,30,18.9%
Lava Hound,Tombstone,37,5,32,13.5%
Golem,Night Witch,37,29,8,78.4%
Arrows,Executioner,37,27,10,73.0%
Mega Knight,Valkyrie,37,35,2,94.6%
Goblin Hut,Three Musketeers,37,25,12,67.6%
Berserker,Wizard,37,25,12,67.6%
Dark Prince,Knight,37,2,35,5.4%
Goblin Drill,Mega Knight,37,20,17,54.1%
Elite Barbarians,Heal Spirit,37,23,14,62.2%
Baby Dragon,Elite Barbarians,37,36,1,97.3%
Ice Wizard,Musketeer,37,0,37,0.0%
Executioner,Witch,37,27,10,73.0%
Goblin Drill,Three Musketeers,37,25,12,67.6%
Giant Snowball,Ram Rider,37,15,22,40.5%
Dark Prince,Elite Barbarians,37,12,25,32.4%
Poison,Tesla,37,34,3,91.9%
Graveyard,Night Witch,37,25,12,67.6%
Poison,Skeleton Barrel,37,12,25,32.4%
Goblin Drill,Tesla,37,32,5,86.5%
Electro Spirit,P.E.K.K.A,37,15,22,40.5%
Rascals,Royal Giant,37,31,6,83.8%
Goblin Drill,Valkyrie,37,32,5,86.5%
Flying Machine,Mortar,37,23,14,62.2%
Dart Goblin,Suspicious Bush,37,10,27,27.0%
Dark Prince,Goblin Drill,37,4,33,10.8%
Electro Spirit,Poison,37,1,36,2.7%
Mega Knight,Royal Giant,37,35,2,94.6%
Rune Giant,Tombstone,37,6,31,16.2%
Goblin Barrel,Musketeer,37,31,6,83.8%
Furnace,Giant,37,17,20,45.9%
Goblin Giant,Ronin,37,1,36,2.7%
Electro Spirit,Witch,37,2,35,5.4%
Skeleton Barrel,Zappies,37,34,3,91.9%
Fireball,Inferno Dragon,37,34,3,91.9%
Goblin Drill,Ronin,37,27,10,73.0%
Baby Dragon,Ice Spirit,37,34,3,91.9%
Giant,Musketeer,37,10,27,27.0%
Goblin Drill,The Log,37,26,11,70.3%
Executioner,Valkyrie,37,33,4,89.2%
Ice Spirit,Valkyrie,37,18,19,48.6%
Baby Dragon,Valkyrie,37,34,3,91.9%
Mega Knight,P.E.K.K.A,37,31,6,83.8%
Executioner,Goblin Barrel,37,5,32,13.5%
Knight,Lava Hound,37,33,4,89.2%
Mother Witch,Princess,37,20,17,54.1%
The Log,Witch,37,19,18,51.4%
Bandit,Royal Delivery,37,26,11,70.3%
Barbarian Barrel,Valkyrie,37,31,6,83.8%
Baby Dragon,Mother Witch,37,31,6,83.8%
Rage,Royal Delivery,37,4,33,10.8%
Baby Dragon,Ram Rider,37,28,9,75.7%
Goblin Hut,Musketeer,37,25,12,67.6%
Mortar,Night Witch,37,12,25,32.4%
Fisherman,Lava Hound,37,21,16,56.8%
Giant,Wizard,37,12,25,32.4%
Inferno Tower,Rage,37,26,11,70.3%
Arrows,Flying Machine,37,30,7,81.1%
Princess,Zap,37,26,11,70.3%
Royal Giant,Three Musketeers,37,4,33,10.8%
Goblin Hut,Royal Giant,37,33,4,89.2%
Fisherman,Royal Giant,37,20,17,54.1%
Barbarian Barrel,Graveyard,37,16,21,43.2%
Graveyard,Skeleton Barrel,37,8,29,21.6%
Ice Spirit,Rage,37,25,12,67.6%
Berserker,Rascals,37,29,8,78.4%
Mega Knight,Rune Giant,37,35,2,94.6%
Heal Spirit,Tombstone,37,6,31,16.2%
Mortar,Rocket,37,16,21,43.2%
Arrows,Heal Spirit,37,36,1,97.3%
Goblin Hut,Zap,37,33,4,89.2%
Fisherman,Goblin Demolisher,36,0,36,0.0%
Executioner,Mega Knight,36,6,30,16.7%
Goblin Demolisher,Rune Giant,36,36,0,100.0%
Lava Hound,Witch,36,1,35,2.8%
Executioner,Giant,36,23,13,63.9%
Bandit,Firecracker,36,9,27,25.0%
Elite Barbarians,Rascals,36,15,21,41.7%
Giant,Mega Knight,36,3,33,8.3%
Knight,P.E.K.K.A,36,25,11,69.4%
Barbarian Barrel,Giant,36,21,15,58.3%
Elite Barbarians,Rune Giant,36,30,6,83.3%
Graveyard,Three Musketeers,36,21,15,58.3%
Arrows,Wizard,36,26,10,72.2%
Ice Spirit,Tombstone,36,5,31,13.9%
Dark Prince,Royal Giant,36,25,11,69.4%
Elixir Golem,Royal Delivery,36,3,33,8.3%
Tombstone,Valkyrie,36,24,12,66.7%
Heal Spirit,The Log,36,1,35,2.8%
Musketeer,Suspicious Bush,36,22,14,61.1%
Goblin Giant,Three Musketeers,36,11,25,30.6%
Berserker,Suspicious Bush,36,18,18,50.0%
Fisherman,Giant,36,7,29,19.4%
Princess,Three Musketeers,36,18,18,50.0%
Bandit,Knight,36,10,26,27.8%
Suspicious Bush,Three Musketeers,36,21,15,58.3%
Ice Wizard,Royal Hogs,36,4,32,11.1%
Baby Dragon,Elixir Golem,36,35,1,97.2%
Inferno Tower,Musketeer,36,3,33,8.3%
Ice Wizard,Skeleton Army,36,1,35,2.8%
Graveyard,Inferno Dragon,36,27,9,75.0%
Ice Wizard,Inferno Tower,36,16,20,44.4%
Electro Spirit,X-Bow,36,9,27,25.0%
Inferno Dragon,Rage,36,33,3,91.7%
Elite Barbarians,Royal Giant,36,30,6,83.3%
Electro Spirit,Musketeer,36,1,35,2.8%
P.E.K.K.A,Rage,36,29,7,80.6%
Goblin Giant,Valkyrie,36,22,14,61.1%
Knight,Rascals,36,22,14,61.1%
Flying Machine,Goblin Barrel,36,7,29,19.4%
Baby Dragon,Fireball,36,6,30,16.7%
Golem,X-Bow,36,35,1,97.2%
Fisherman,Zap,36,9,27,25.0%
Goblin Giant,Ice Wizard,36,14,22,38.9%
Fireball,The Log,36,32,4,88.9%
Giant,Suspicious Bush,36,8,28,22.2%
Ronin,Vines,36,11,25,30.6%
Barbarian Barrel,Firecracker,36,17,19,47.2%
Rage,Skeleton Army,36,4,32,11.1%
Barbarian Barrel,Night Witch,36,24,12,66.7%
Hunter,Musketeer,36,4,32,11.1%
Elixir Golem,Knight,36,0,36,0.0%
Barbarian Barrel,Heal Spirit,36,33,3,91.7%
Goblin Hut,Lava Hound,36,36,0,100.0%
Graveyard,The Log,36,22,14,61.1%
Inferno Tower,Rocket,36,13,23,36.1%
Hunter,Suspicious Bush,36,7,29,19.4%
Mega Knight,Skeleton Army,36,10,26,27.8%
Fireball,Royal Giant,36,33,3,91.7%
Goblin Hut,Rage,36,36,0,100.0%
Tesla,Zap,36,28,8,77.8%
Goblin Drill,Tombstone,36,35,1,97.2%
Arrows,Berserker,36,21,15,58.3%
Firecracker,Giant Snowball,36,34,2,94.4%
Night Witch,Valkyrie,36,29,7,80.6%
Inferno Dragon,Tombstone,36,21,15,58.3%
Mother Witch,Three Musketeers,36,12,24,33.3%
Golem,Skeleton Army,36,10,26,27.8%
Mortar,X-Bow,36,13,23,36.1%
Goblin Hut,Wizard,36,21,15,58.3%
Barbarian Barrel,Royal Giant,36,31,5,86.1%
Goblin Hut,Rune Giant,36,35,1,97.2%
Dark Prince,Rune Giant,36,23,13,63.9%
Fisherman,Rune Giant,36,15,21,41.7%
Inferno Dragon,Night Witch,36,12,24,33.3%
Bandit,Mortar,36,18,18,50.0%
The Log,X-Bow,36,25,11,69.4%
Electro Wizard,Witch,36,16,20,44.4%
Poison,Skeleton Army,36,11,25,30.6%
Mother Witch,Musketeer,36,11,25,30.6%
Fireball,Giant,36,31,5,86.1%
Mother Witch,Rage,36,33,3,91.7%
Goblin Giant,Knight,36,3,33,8.3%
Furnace,Rage,36,34,2,94.4%
Goblin Giant,Ice Spirit,36,19,17,52.8%
Dark Prince,Goblin Demolisher,36,1,35,2.8%
Barbarian Hut,Elixir Golem,36,33,3,91.7%
Barbarian Hut,Tombstone,36,24,12,66.7%
Furnace,Inferno Dragon,36,18,18,50.0%
Mother Witch,X-Bow,36,18,18,50.0%
Zap,Zappies,36,12,24,33.3%
Rascals,Zap,36,19,17,52.8%
Giant Snowball,Tombstone,36,4,32,11.1%
Goblin Demolisher,Witch,36,35,1,97.2%
Goblin Barrel,Inferno Dragon,36,30,6,83.3%
Flying Machine,Ice Wizard,36,29,7,80.6%
Baby Dragon,Executioner,36,24,12,66.7%
Knight,Ram Rider,36,31,5,86.1%
Knight,Suspicious Bush,36,18,18,50.0%
Royal Delivery,Valkyrie,36,24,12,66.7%
Fireball,Furnace,36,32,4,88.9%
Rage,Rascals,36,4,32,11.1%
Golem,Wizard,36,26,10,72.2%
Baby Dragon,Electro Spirit,36,30,6,83.3%
Executioner,Fireball,36,3,33,8.3%
Bandit,Fisherman,36,34,2,94.4%
Fireball,Ice Spirit,36,36,0,100.0%
P.E.K.K.A,Suspicious Bush,36,3,33,8.3%
Goblin Drill,Knight,36,32,4,88.9%
Baby Dragon,Skeleton Barrel,36,8,28,22.2%
Dart Goblin,Electro Spirit,36,29,7,80.6%
Hunter,Night Witch,36,14,22,38.9%
Electro Spirit,Furnace,36,8,28,22.2%
Dart Goblin,Inferno Dragon,36,22,14,61.1%
Heal Spirit,Night Witch,36,4,32,11.1%
Berserker,Skeleton Army,36,2,34,5.6%
Giant Snowball,Princess,36,2,34,5.6%
Golem,Zappies,35,28,7,80.0%
Baby Dragon,Goblin Drill,35,4,31,11.4%
Inferno Dragon,Witch,35,3,32,8.6%
Dark Prince,P.E.K.K.A,35,10,25,28.6%
Elite Barbarians,Royal Hogs,35,4,31,11.4%
Lava Hound,Three Musketeers,35,0,35,0.0%
Barbarian Barrel,Vines,35,11,24,31.4%
Fisherman,Goblin Hut,35,1,34,2.9%
Musketeer,Wizard,35,25,10,71.4%
Ram Rider,Tombstone,35,10,25,28.6%
Bandit,Flying Machine,35,24,11,68.6%
Heal Spirit,Rage,35,21,14,60.0%
Barbarian Barrel,Tombstone,35,26,9,74.3%
Executioner,Rascals,35,30,5,85.7%
Ice Wizard,Ronin,35,4,31,11.4%
Fisherman,Wizard,35,2,33,5.7%
P.E.K.K.A,Ram Rider,35,25,10,71.4%
Goblin Barrel,Ice Wizard,35,35,0,100.0%
Goblin Barrel,Wizard,35,31,4,88.6%
P.E.K.K.A,Tombstone,35,13,22,37.1%
Firecracker,Royal Delivery,35,30,5,85.7%
Royal Delivery,Vines,35,1,34,2.9%
Baby Dragon,Giant Snowball,35,34,1,97.1%
Elixir Golem,Heal Spirit,35,12,23,34.3%
Ice Wizard,Rune Giant,35,23,12,65.7%
Barbarian Hut,Mother Witch,35,15,20,42.9%
Hunter,Mega Knight,35,2,33,5.7%
Goblin Demolisher,Ice Wizard,35,33,2,94.3%
P.E.K.K.A,Poison,35,7,28,20.0%
Barbarian Barrel,Rascals,35,24,11,68.6%
Giant Snowball,Inferno Tower,35,14,21,40.0%
Fireball,Musketeer,35,31,4,88.6%
Graveyard,Inferno Tower,35,30,5,85.7%
Rune Giant,Skeleton Army,35,1,34,2.9%
Flying Machine,Lava Hound,35,30,5,85.7%
Bandit,Dart Goblin,35,17,18,48.6%
Fireball,Goblin Barrel,35,21,14,60.0%
Fisherman,Vines,35,1,34,2.9%
Furnace,Lava Hound,35,33,2,94.3%
Mother Witch,Royal Hogs,35,6,29,17.1%
Firecracker,Rascals,35,31,4,88.6%
Giant,Ram Rider,35,21,14,60.0%
Royal Delivery,Wizard,35,6,29,17.1%
Flying Machine,Skeleton Barrel,35,1,34,2.9%
Elite Barbarians,Giant,35,20,15,57.1%
Golem,Valkyrie,35,30,5,85.7%
Baby Dragon,Goblin Demolisher,35,6,29,17.1%
Royal Giant,Wizard,35,2,33,5.7%
Flying Machine,Rascals,35,10,25,28.6%
Ronin,Valkyrie,35,33,2,94.3%
P.E.K.K.A,Ronin,35,1,34,2.9%
Princess,Ronin,35,3,32,8.6%
Elite Barbarians,Inferno Dragon,35,9,26,25.7%
Ice Wizard,Mega Knight,35,1,34,2.9%
Rascals,X-Bow,35,19,16,54.3%
Dart Goblin,Mega Knight,35,4,31,11.4%
Executioner,Goblin Giant,35,29,6,82.9%
Inferno Dragon,Lava Hound,35,33,2,94.3%
Heal Spirit,Mortar,35,10,25,28.6%
Ram Rider,Tesla,35,10,25,28.6%
Royal Hogs,Skeleton Army,35,14,21,40.0%
Royal Hogs,X-Bow,35,34,1,97.1%
Night Witch,Ram Rider,35,25,10,71.4%
Rascals,Royal Delivery,35,24,11,68.6%
Golem,Royal Delivery,35,32,3,91.4%
Barbarian Hut,Tesla,35,16,19,45.7%
Giant Snowball,Rascals,35,5,30,14.3%
Berserker,Dart Goblin,35,26,9,74.3%
Furnace,Mother Witch,35,15,20,42.9%
Mortar,Mother Witch,35,11,24,31.4%
Berserker,Zappies,35,29,6,82.9%
Inferno Tower,Skeleton Army,35,1,34,2.9%
Arrows,Ram Rider,35,29,6,82.9%
Electro Wizard,Giant Snowball,35,35,0,100.0%
Baby Dragon,Knight,35,18,17,51.4%
Rune Giant,Witch,35,3,32,8.6%
Electro Wizard,Three Musketeers,35,23,12,65.7%
Dark Prince,Witch,35,3,32,8.6%
Skeleton Army,Tesla,35,32,3,91.4%
Skeleton Army,Suspicious Bush,35,30,5,85.7%
Elixir Golem,Furnace,35,0,35,0.0%
Goblin Hut,Skeleton Army,35,5,30,14.3%
Mega Knight,Wizard,35,31,4,88.6%
Mega Knight,Poison,35,13,22,37.1%
Rage,Tombstone,35,1,34,2.9%
Furnace,Goblin Barrel,35,4,31,11.4%
Goblin Giant,Royal Hogs,35,2,33,5.7%
Giant,Poison,35,9,26,25.7%
Heal Spirit,Zap,35,7,28,20.0%
Lava Hound,Night Witch,35,2,33,5.7%
Fisherman,Rascals,35,2,33,5.7%
Electro Spirit,Elixir Golem,35,29,6,82.9%
Berserker,Electro Spirit,35,35,0,100.0%
Barbarian Barrel,Skeleton Army,35,4,31,11.4%
Graveyard,Musketeer,35,19,16,54.3%
P.E.K.K.A,Zap,35,21,14,60.0%
Giant,P.E.K.K.A,35,13,22,37.1%
Electro Wizard,Ram Rider,35,35,0,100.0%
Fisherman,Mother Witch,35,5,30,14.3%
Electro Spirit,Firecracker,35,2,33,5.7%
Firecracker,Heal Spirit,35,32,3,91.4%
Ice Spirit,Zappies,35,7,28,20.0%
Goblin Hut,Ice Spirit,35,35,0,100.0%
Musketeer,Witch,35,22,13,62.9%
Goblin Hut,Suspicious Bush,35,30,5,85.7%
Fireball,Mortar,35,35,0,100.0%
Baby Dragon,Goblin Barrel,35,6,29,17.1%
Inferno Dragon,Ram Rider,35,27,8,77.1%
Rascals,Ronin,35,9,26,25.7%
Goblin Drill,Ice Spirit,35,35,0,100.0%
Musketeer,The Log,35,27,8,77.1%
Giant,Royal Hogs,35,5,30,14.3%
Bandit,Fireball,35,4,31,11.4%
Goblin Drill,Ice Wizard,35,34,1,97.1%
Elite Barbarians,Goblin Hut,35,5,30,14.3%
Night Witch,Royal Giant,35,27,8,77.1%
Knight,Princess,35,18,17,51.4%
Heal Spirit,Ice Wizard,35,18,17,51.4%
Giant Snowball,Lava Hound,35,22,13,62.9%
The Log,Three Musketeers,35,17,18,48.6%
Inferno Tower,Rascals,35,15,20,42.9%
Goblin Giant,Lava Hound,35,32,3,91.4%
Flying Machine,Mega Knight,35,0,35,0.0%
Elixir Golem,Mortar,34,3,31,8.8%
Inferno Dragon,Three Musketeers,34,7,27,20.6%
Lava Hound,Ronin,34,2,32,5.9%
Barbarian Barrel,Rage,34,33,1,97.1%
Giant,Knight,34,10,24,29.4%
Rune Giant,Skeleton Barrel,34,0,34,0.0%
Heal Spirit,Rocket,34,9,25,26.5%
Goblin Demolisher,Valkyrie,34,32,2,94.1%
Princess,Valkyrie,34,32,2,94.1%
Giant Snowball,Knight,34,1,33,2.9%
Rage,Vines,34,2,32,5.9%
Hunter,Inferno Tower,34,19,15,55.9%
Three Musketeers,Vines,34,10,24,29.4%
Barbarian Hut,Princess,34,17,17,50.0%
Giant Snowball,Wizard,34,5,29,14.7%
Firecracker,Royal Hogs,34,7,27,20.6%
Electro Spirit,Three Musketeers,34,9,25,26.5%
Royal Delivery,Royal Hogs,34,2,32,5.9%
Mega Knight,Night Witch,34,24,10,70.6%
Electro Wizard,Wizard,34,20,14,58.8%
Fisherman,Inferno Tower,34,12,22,35.3%
Goblin Drill,Inferno Dragon,34,27,7,79.4%
Musketeer,Royal Giant,34,31,3,91.2%
Lava Hound,Poison,34,1,33,2.9%
Mother Witch,Night Witch,34,26,8,76.5%
Elixir Golem,Princess,34,4,30,11.8%
Royal Hogs,Zap,34,34,0,100.0%
Inferno Tower,Royal Giant,34,22,12,64.7%
Goblin Demolisher,Zappies,34,33,1,97.1%
Night Witch,Rascals,34,18,16,52.9%
Night Witch,Suspicious Bush,34,8,26,23.5%
Rascals,Suspicious Bush,34,9,25,26.5%
Baby Dragon,Goblin Hut,34,14,20,41.2%
Electro Wizard,Executioner,34,24,10,70.6%
Elixir Golem,Inferno Tower,34,4,30,11.8%
Dark Prince,Skeleton Army,34,1,33,2.9%
The Log,Valkyrie,34,33,1,97.1%
Barbarian Barrel,Goblin Drill,34,8,26,23.5%
Dark Prince,Giant,34,9,25,26.5%
Furnace,Royal Delivery,34,28,6,82.4%
Ronin,Royal Giant,34,33,1,97.1%
Electro Spirit,Mega Knight,34,7,27,20.6%
Lava Hound,Royal Delivery,34,5,29,14.7%
Fisherman,Royal Hogs,34,0,34,0.0%
Bandit,Dark Prince,34,30,4,88.2%
Ram Rider,Rocket,34,15,19,44.1%
Bandit,Executioner,34,8,26,23.5%
Graveyard,Rascals,34,23,11,67.6%
Dart Goblin,Ronin,34,4,30,11.8%
Three Musketeers,Zap,34,19,15,55.9%
Fisherman,Furnace,34,5,29,14.7%
Furnace,Ram Rider,34,26,8,76.5%
Dart Goblin,Goblin Barrel,34,3,31,8.8%
Electro Wizard,Skeleton Barrel,34,6,28,17.6%
Fisherman,Valkyrie,34,8,26,23.5%
Lava Hound,Mortar,34,7,27,20.6%
Goblin Demolisher,Zap,34,32,2,94.1%
Goblin Demolisher,Inferno Dragon,34,32,2,94.1%
Rage,X-Bow,34,9,25,26.5%
Goblin Giant,Rocket,34,18,16,52.9%
Ronin,Three Musketeers,34,27,7,79.4%
Ice Wizard,Princess,34,2,32,5.9%
Ice Spirit,Princess,34,6,28,17.6%
Electro Spirit,Knight,34,2,32,5.9%
Inferno Dragon,Inferno Tower,34,24,10,70.6%
Giant Snowball,Ice Spirit,34,16,18,47.1%
Fisherman,Graveyard,34,2,32,5.9%
Barbarian Barrel,Lava Hound,34,30,4,88.2%
Flying Machine,Inferno Tower,34,23,11,67.6%
Elixir Golem,Fisherman,34,10,24,29.4%
Ice Spirit,Skeleton Barrel,34,2,32,5.9%
Ice Wizard,Mortar,34,11,23,32.4%
Royal Delivery,Three Musketeers,34,16,18,47.1%
Flying Machine,Royal Delivery,34,29,5,85.3%
Goblin Demolisher,Royal Hogs,34,21,13,61.8%
P.E.K.K.A,Three Musketeers,34,16,18,47.1%
Knight,Wizard,34,16,18,47.1%
Barbarian Barrel,Goblin Barrel,34,8,26,23.5%
Goblin Demolisher,P.E.K.K.A,34,30,4,88.2%
Firecracker,Three Musketeers,34,24,10,70.6%
Goblin Hut,Mega Knight,34,16,18,47.1%
Dark Prince,Hunter,34,4,30,11.8%
Fisherman,Tombstone,34,5,29,14.7%
Ronin,Witch,34,9,25,26.5%
Royal Hogs,The Log,34,30,4,88.2%
Ram Rider,Royal Hogs,34,2,32,5.9%
P.E.K.K.A,Skeleton Army,34,2,32,5.9%
Inferno Dragon,Rascals,34,17,17,50.0%
Goblin Drill,Witch,34,17,17,50.0%
Dark Prince,Princess,34,6,28,17.6%
Night Witch,Ronin,34,9,25,26.5%
Elixir Golem,Mother Witch,34,1,33,2.9%
Fisherman,Ronin,34,1,33,2.9%
Mother Witch,Wizard,34,11,23,32.4%
Rage,Tesla,34,6,28,17.6%
Heal Spirit,Ram Rider,34,8,26,23.5%
Flying Machine,Ronin,34,5,29,14.7%
Tombstone,Vines,34,8,26,23.5%
Inferno Dragon,Royal Delivery,34,30,4,88.2%
Ice Spirit,Mortar,34,9,25,26.5%
Bandit,Valkyrie,34,27,7,79.4%
Fisherman,Musketeer,34,0,34,0.0%
Musketeer,Zap,34,32,2,94.1%
Royal Hogs,Witch,34,23,11,67.6%
Barbarian Hut,Three Musketeers,34,19,15,55.9%
Firecracker,Zappies,34,28,6,82.4%
Goblin Barrel,Princess,34,34,0,100.0%
Rocket,Valkyrie,34,20,14,58.8%
Arrows,Ice Wizard,34,32,2,94.1%
Baby Dragon,The Log,34,19,15,55.9%
Ronin,Skeleton Barrel,34,7,27,20.6%
Graveyard,Ronin,34,18,16,52.9%
Barbarian Barrel,Fisherman,34,34,0,100.0%
Night Witch,Royal Delivery,34,24,10,70.6%
Suspicious Bush,Zap,34,31,3,91.2%
Barbarian Barrel,Ice Spirit,34,34,0,100.0%
Hunter,Valkyrie,34,24,10,70.6%
Furnace,Heal Spirit,34,30,4,88.2%
Tesla,Vines,34,6,28,17.6%
Ronin,Zap,34,29,5,85.3%
Rascals,Zappies,34,18,16,52.9%
Poison,Valkyrie,34,33,1,97.1%
Ram Rider,Zappies,34,4,30,11.8%
Fireball,Zappies,33,33,0,100.0%
Mortar,Ronin,33,2,31,6.1%
Rocket,Royal Hogs,33,1,32,3.0%
Princess,Wizard,33,8,25,24.2%
Fisherman,Royal Delivery,33,11,22,33.3%
Princess,Royal Giant,33,28,5,84.8%
Dark Prince,Suspicious Bush,33,9,24,27.3%
Berserker,Inferno Tower,33,27,6,81.8%
Heal Spirit,Witch,33,3,30,9.1%
Ice Spirit,Wizard,33,7,26,21.2%
Ice Wizard,Tombstone,33,7,26,21.2%
Goblin Barrel,Zappies,33,33,0,100.0%
Dart Goblin,Ram Rider,33,17,16,51.5%
Baby Dragon,Graveyard,33,25,8,75.8%
Musketeer,Skeleton Barrel,33,6,27,18.2%
Giant Snowball,Goblin Hut,33,3,30,9.1%
Ice Wizard,Poison,33,1,32,3.0%
Elite Barbarians,Ice Wizard,33,16,17,48.5%
Graveyard,Ice Spirit,33,28,5,84.8%
Executioner,Lava Hound,33,32,1,97.0%
Berserker,Princess,33,28,5,84.8%
Witch,Wizard,33,20,13,60.6%
Furnace,Ice Wizard,33,29,4,87.9%
Mortar,Wizard,33,9,24,27.3%
Baby Dragon,Tombstone,33,29,4,87.9%
Flying Machine,X-Bow,33,15,18,45.5%
Lava Hound,Skeleton Army,33,2,31,6.1%
X-Bow,Zap,33,22,11,66.7%
Royal Giant,Tesla,33,11,22,33.3%
Furnace,Mortar,33,18,15,54.5%
Fisherman,Hunter,33,3,30,9.1%
Arrows,Lava Hound,33,30,3,90.9%
Valkyrie,Witch,33,1,32,3.0%
Tombstone,X-Bow,33,19,14,57.6%
Rocket,Royal Giant,33,19,14,57.6%
Lava Hound,Ram Rider,33,6,27,18.2%
Dart Goblin,Golem,33,3,30,9.1%
Night Witch,Tombstone,33,15,18,45.5%
Ram Rider,Rascals,33,8,25,24.2%
Dark Prince,Graveyard,33,0,33,0.0%
Three Musketeers,Wizard,33,14,19,42.4%
Flying Machine,Valkyrie,33,25,8,75.8%
Royal Delivery,Suspicious Bush,33,4,29,12.1%
Electro Spirit,Princess,33,2,31,6.1%
Goblin Demolisher,Rage,33,32,1,97.0%
Inferno Tower,Mortar,33,15,18,45.5%
Baby Dragon,Golem,33,4,29,12.1%
Firecracker,Mega Knight,33,10,23,30.3%
Goblin Giant,Inferno Dragon,33,7,26,21.2%
Baby Dragon,Night Witch,33,23,10,69.7%
Mega Knight,Ronin,33,11,22,33.3%
Arrows,Goblin Hut,33,13,20,39.4%
Ice Spirit,Inferno Tower,33,23,10,69.7%
Elixir Golem,Wizard,33,1,32,3.0%
Tombstone,Wizard,33,7,26,21.2%
Giant Snowball,Zap,33,6,27,18.2%
Inferno Tower,Night Witch,33,7,26,21.2%
Giant Snowball,Inferno Dragon,33,4,29,12.1%
Barbarian Hut,Royal Delivery,33,25,8,75.8%
Ice Wizard,Zap,33,12,21,36.4%
Elite Barbarians,Vines,33,7,26,21.2%
Ice Wizard,Valkyrie,33,13,20,39.4%
Heal Spirit,Royal Delivery,33,9,24,27.3%
Inferno Tower,Suspicious Bush,33,4,29,12.1%
Barbarian Hut,Witch,33,7,26,21.2%
Goblin Demolisher,Night Witch,33,28,5,84.8%
Inferno Dragon,Mega Knight,33,12,21,36.4%
Executioner,Graveyard,33,14,19,42.4%
Princess,Skeleton Barrel,33,1,32,3.0%
The Log,Zappies,33,20,13,60.6%
P.E.K.K.A,X-Bow,33,18,15,54.5%
Electro Spirit,The Log,33,0,33,0.0%
Baby Dragon,Fisherman,33,33,0,100.0%
Goblin Demolisher,Inferno Tower,33,33,0,100.0%
Bandit,Ronin,33,4,29,12.1%
Fisherman,Ram Rider,33,12,21,36.4%
Lava Hound,X-Bow,33,6,27,18.2%
Elixir Golem,Fireball,33,0,33,0.0%
Berserker,Royal Hogs,33,9,24,27.3%
Night Witch,Rune Giant,33,32,1,97.0%
Barbarian Barrel,Poison,33,5,28,15.2%
Mother Witch,Royal Giant,33,32,1,97.0%
Goblin Hut,Inferno Dragon,33,21,12,63.6%
Knight,Three Musketeers,33,19,14,57.6%
Mother Witch,Zap,33,23,10,69.7%
Golem,Tombstone,33,27,6,81.8%
Musketeer,Rage,33,33,0,100.0%
Executioner,Heal Spirit,33,28,5,84.8%
Night Witch,Tesla,33,16,17,48.5%
Electro Wizard,Musketeer,33,11,22,33.3%
Goblin Drill,Vines,33,21,12,63.6%
Inferno Tower,Knight,33,9,24,27.3%
Elixir Golem,Inferno Dragon,33,4,29,12.1%
Ice Wizard,Rascals,33,4,29,12.1%
Tesla,Wizard,33,13,20,39.4%
Dart Goblin,The Log,33,2,31,6.1%
Royal Giant,Zap,33,4,29,12.1%
Ice Wizard,Ram Rider,33,13,20,39.4%
Elixir Golem,Musketeer,33,0,33,0.0%
Rage,The Log,33,3,30,9.1%
Dark Prince,Goblin Giant,33,11,22,33.3%
Electro Wizard,Suspicious Bush,33,15,18,45.5%
Firecracker,Ice Spirit,33,32,1,97.0%
Night Witch,Witch,33,7,26,21.2%
Goblin Giant,Golem,33,1,32,3.0%
Barbarian Barrel,Giant Snowball,33,32,1,97.0%
Electro Wizard,Skeleton Army,33,7,26,21.2%
Inferno Tower,Zappies,33,8,25,24.2%
Firecracker,Princess,33,25,8,75.8%
Barbarian Hut,Royal Hogs,33,2,31,6.1%
Goblin Giant,Rascals,33,11,22,33.3%
Barbarian Barrel,Elixir Golem,33,32,1,97.0%
Executioner,Goblin Hut,33,9,24,27.3%
Hunter,Vines,33,1,32,3.0%
The Log,Vines,33,6,27,18.2%
Dart Goblin,Heal Spirit,33,26,7,78.8%
Bandit,Poison,33,4,29,12.1%
Flying Machine,Musketeer,33,1,32,3.0%
Ronin,Tombstone,33,25,8,75.8%
Rage,Royal Giant,33,14,19,42.4%
Elite Barbarians,Graveyard,33,7,26,21.2%
Berserker,Vines,33,8,25,24.2%
Mortar,Rage,33,29,4,87.9%
Barbarian Hut,Graveyard,33,13,20,39.4%
Elixir Golem,Rune Giant,33,7,26,21.2%
Berserker,Dark Prince,33,30,3,90.9%
Night Witch,Zap,33,22,11,66.7%
Dart Goblin,Royal Delivery,33,21,12,63.6%
Mega Knight,Ram Rider,33,30,3,90.9%
Firecracker,The Log,33,10,23,30.3%
Elite Barbarians,Goblin Barrel,33,0,33,0.0%
Royal Giant,Witch,33,2,31,6.1%
Dart Goblin,Fireball,33,3,30,9.1%
Rocket,Zappies,33,14,19,42.4%
Fireball,Graveyard,33,28,5,84.8%
Ronin,The Log,33,19,14,57.6%
Berserker,Rage,33,33,0,100.0%
Barbarian Barrel,Goblin Demolisher,32,1,31,3.1%
Fisherman,Skeleton Barrel,32,0,32,0.0%
Electro Spirit,Royal Hogs,32,2,30,6.2%
Elite Barbarians,Rage,32,29,3,90.6%
Graveyard,Royal Giant,32,28,4,87.5%
Giant,Skeleton Army,32,0,32,0.0%
Fisherman,The Log,32,2,30,6.2%
Graveyard,Mortar,32,25,7,78.1%
Giant,Night Witch,32,12,20,37.5%
Mortar,Musketeer,32,3,29,9.4%
Knight,Vines,32,13,19,40.6%
Baby Dragon,Goblin Giant,32,26,6,81.2%
Berserker,Goblin Barrel,32,3,29,9.4%
Firecracker,Knight,32,21,11,65.6%
Skeleton Barrel,Zap,32,31,1,96.9%
Giant Snowball,Mega Knight,32,3,29,9.4%
Flying Machine,Ice Spirit,32,25,7,78.1%
Goblin Demolisher,Skeleton Army,32,19,13,59.4%
Arrows,Witch,32,17,15,53.1%
Hunter,Lava Hound,32,31,1,96.9%
Mortar,Princess,32,14,18,43.8%
Ronin,Suspicious Bush,32,17,15,53.1%
Goblin Drill,Skeleton Army,32,8,24,25.0%
Electro Spirit,Mortar,32,13,19,40.6%
Bandit,Rune Giant,32,31,1,96.9%
Electro Spirit,Vines,32,1,31,3.1%
Berserker,Zap,32,26,6,81.2%
Electro Wizard,Mortar,32,28,4,87.5%
Ram Rider,Skeleton Army,32,0,32,0.0%
Fisherman,Suspicious Bush,32,1,31,3.1%
Firecracker,Ronin,32,11,21,34.4%
Mortar,Ram Rider,32,14,18,43.8%
Rocket,Suspicious Bush,32,2,30,6.2%
Executioner,Skeleton Army,32,6,26,18.8%
Elixir Golem,Graveyard,32,4,28,12.5%
Elite Barbarians,X-Bow,32,11,21,34.4%
Electro Wizard,Goblin Demolisher,32,4,28,12.5%
Mother Witch,The Log,32,10,22,31.2%
P.E.K.K.A,The Log,32,9,23,28.1%
Dart Goblin,Inferno Tower,32,24,8,75.0%
Electro Wizard,Graveyard,32,17,15,53.1%
Bandit,Mega Knight,32,4,28,12.5%
Heal Spirit,Wizard,32,3,29,9.4%
Fireball,Tesla,32,31,1,96.9%
Electro Wizard,Royal Hogs,32,7,25,21.9%
Mortar,Vines,32,2,30,6.2%
Furnace,Rune Giant,32,29,3,90.6%
Goblin Giant,Tombstone,32,15,17,46.9%
Fisherman,Skeleton Army,32,2,30,6.2%
Ronin,Royal Hogs,32,12,20,37.5%
Goblin Demolisher,Heal Spirit,32,32,0,100.0%
Dark Prince,Royal Delivery,32,13,19,40.6%
Inferno Tower,Tombstone,32,11,21,34.4%
Barbarian Hut,Furnace,32,13,19,40.6%
Valkyrie,Vines,32,2,30,6.2%
Ice Spirit,Ice Wizard,32,15,17,46.9%
Giant Snowball,Goblin Barrel,32,0,32,0.0%
Elixir Golem,Zappies,32,2,30,6.2%
Barbarian Barrel,Witch,32,11,21,34.4%
Fireball,Ice Wizard,32,32,0,100.0%
Executioner,Firecracker,32,8,24,25.0%
Fisherman,Inferno Dragon,32,2,30,6.2%
Giant Snowball,Mortar,32,7,25,21.9%
Electro Spirit,Skeleton Barrel,32,1,31,3.1%
Barbarian Hut,Electro Spirit,32,25,7,78.1%
Witch,X-Bow,32,26,6,81.2%
Ram Rider,Three Musketeers,32,4,28,12.5%
Firecracker,Vines,32,6,26,18.8%
Firecracker,Lava Hound,32,29,3,90.6%
Poison,Ronin,32,23,9,71.9%
Knight,Skeleton Barrel,32,1,31,3.1%
Poison,Vines,32,21,11,65.6%
Giant Snowball,Royal Delivery,32,7,25,21.9%
Bandit,Zappies,32,17,15,53.1%
Flying Machine,Princess,32,15,17,46.9%
Goblin Drill,Night Witch,32,26,6,81.2%
Barbarian Barrel,Inferno Dragon,32,18,14,56.2%
Goblin Drill,Zap,32,31,1,96.9%
Elixir Golem,Ice Spirit,32,4,28,12.5%
Inferno Tower,Poison,32,1,31,3.1%
Skeleton Army,Vines,32,25,7,78.1%
Rage,Witch,32,4,28,12.5%
Ice Wizard,Witch,32,2,30,6.2%
Fireball,Heal Spirit,32,31,1,96.9%
P.E.K.K.A,Rocket,32,19,13,59.4%
Skeleton Barrel,X-Bow,32,30,2,93.8%
Goblin Barrel,Rune Giant,32,32,0,100.0%
Flying Machine,Furnace,32,6,26,18.8%
Fireball,Inferno Tower,32,31,1,96.9%
Giant,Ice Spirit,32,25,7,78.1%
Rocket,Skeleton Barrel,32,3,29,9.4%
Goblin Giant,P.E.K.K.A,32,9,23,28.1%
Inferno Tower,Mega Knight,32,8,24,25.0%
Graveyard,Ice Wizard,32,29,3,90.6%
Lava Hound,Tesla,32,4,28,12.5%
Musketeer,Tombstone,32,27,5,84.4%
Musketeer,Skeleton Army,32,4,28,12.5%
The Log,Zap,32,28,4,87.5%
Giant Snowball,Hunter,32,5,27,15.6%
Dark Prince,Ice Wizard,32,20,12,62.5%
Poison,Ram Rider,32,27,5,84.4%
Inferno Dragon,Mother Witch,32,14,18,43.8%
Dart Goblin,Royal Giant,32,23,9,71.9%
Berserker,Rune Giant,32,31,1,96.9%
Goblin Giant,Poison,32,9,23,28.1%
Musketeer,Valkyrie,32,27,5,84.4%
Mortar,Poison,32,4,28,12.5%
Elixir Golem,Giant Snowball,32,8,24,25.0%
Barbarian Hut,P.E.K.K.A,32,18,14,56.2%
Firecracker,Inferno Dragon,32,19,13,59.4%
Goblin Drill,Rocket,32,32,0,100.0%
Firecracker,Musketeer,32,12,20,37.5%
Ice Spirit,Knight,32,4,28,12.5%
Valkyrie,Zap,32,15,17,46.9%
Baby Dragon,Tesla,32,19,13,59.4%
Lava Hound,Zap,32,4,28,12.5%
Bandit,Giant Snowball,32,31,1,96.9%
Mortar,Royal Hogs,32,3,29,9.4%
Golem,Lava Hound,32,31,1,96.9%
Executioner,X-Bow,32,23,9,71.9%
Dark Prince,Zap,32,11,21,34.4%
Goblin Barrel,Ram Rider,32,29,3,90.6%
Hunter,Ice Spirit,32,24,8,75.0%
Royal Giant,Skeleton Army,32,2,30,6.2%
Goblin Barrel,Three Musketeers,32,28,4,87.5%
Giant,Valkyrie,32,23,9,71.9%
Heal Spirit,Princess,31,6,25,19.4%
Tombstone,Zap,31,23,8,74.2%
Giant,Vines,31,7,24,22.6%
Berserker,Giant Snowball,31,30,1,96.8%
Skeleton Army,Skeleton Barrel,31,22,9,71.0%
Royal Hogs,Three Musketeers,31,25,6,80.6%
Goblin Hut,Tombstone,31,23,8,74.2%
Inferno Tower,X-Bow,31,11,20,35.5%
Fireball,Princess,31,30,1,96.8%
Giant Snowball,Poison,31,5,26,16.1%
Dart Goblin,Rascals,31,17,14,54.8%
Ronin,Rune Giant,31,30,1,96.8%
Barbarian Hut,Rune Giant,31,24,7,77.4%
Goblin Barrel,Zap,31,30,1,96.8%
Furnace,Wizard,31,6,25,19.4%
Barbarian Hut,Skeleton Barrel,31,2,29,6.5%
Firecracker,Poison,31,4,27,12.9%
Dart Goblin,Graveyard,31,9,22,29.0%
Electro Spirit,Giant Snowball,31,21,10,67.7%
Barbarian Barrel,Ice Wizard,31,29,2,93.5%
Rune Giant,Zap,31,10,21,32.3%
Golem,Inferno Dragon,31,20,11,64.5%
Mega Knight,Rage,31,31,0,100.0%
Firecracker,Hunter,31,26,5,83.9%
Elixir Golem,Valkyrie,31,8,23,25.8%
Barbarian Barrel,Princess,31,23,8,74.2%
Suspicious Bush,Tombstone,31,21,10,67.7%
Dark Prince,Poison,31,1,30,3.2%
Firecracker,Suspicious Bush,31,15,16,48.4%
Elite Barbarians,Princess,31,10,21,32.3%
Barbarian Hut,Flying Machine,31,18,13,58.1%
Firecracker,Night Witch,31,26,5,83.9%
Elite Barbarians,Furnace,31,9,22,29.0%
Bandit,Goblin Hut,31,8,23,25.8%
Goblin Hut,Graveyard,31,19,12,61.3%
Inferno Dragon,Royal Hogs,31,3,28,9.7%
Hunter,Zap,31,19,12,61.3%
Fisherman,Ice Wizard,31,9,22,29.0%
Inferno Tower,Princess,31,7,24,22.6%
Hunter,Royal Delivery,31,16,15,51.6%
Goblin Giant,Skeleton Barrel,31,0,31,0.0%
Mortar,Skeleton Army,31,3,28,9.7%
Ice Wizard,P.E.K.K.A,31,10,21,32.3%
Ice Spirit,Witch,31,1,30,3.2%
Royal Giant,Vines,31,2,29,6.5%
P.E.K.K.A,Valkyrie,31,23,8,74.2%
Royal Hogs,Valkyrie,31,26,5,83.9%
Berserker,Poison,31,7,24,22.6%
Furnace,Skeleton Barrel,31,4,27,12.9%
Graveyard,Rage,31,31,0,100.0%
Hunter,Mortar,31,13,18,41.9%
Arrows,Poison,31,10,21,32.3%
Dart Goblin,Fisherman,31,26,5,83.9%
Giant Snowball,Witch,31,3,28,9.7%
Elixir Golem,X-Bow,31,3,28,9.7%
Furnace,Witch,31,9,22,29.0%
Bandit,Zap,31,18,13,58.1%
Furnace,Goblin Giant,31,25,6,80.6%
P.E.K.K.A,Princess,31,9,22,29.0%
Elixir Golem,Rocket,31,8,23,25.8%
Graveyard,Suspicious Bush,31,12,19,38.7%
Barbarian Hut,Knight,31,9,22,29.0%
Berserker,Goblin Hut,31,10,21,32.3%
Bandit,Tesla,31,17,14,54.8%
Goblin Hut,The Log,31,24,7,77.4%
Tombstone,Zappies,31,7,24,22.6%
Dark Prince,Musketeer,31,1,30,3.2%
Poison,Rage,31,30,1,96.8%
Ice Spirit,Rocket,31,13,18,41.9%
Knight,Mortar,31,25,6,80.6%
Poison,Zappies,31,28,3,90.3%
Baby Dragon,Poison,31,8,23,25.8%
Elite Barbarians,Ronin,31,2,29,6.5%
Furnace,P.E.K.K.A,31,18,13,58.1%
Barbarian Hut,Fisherman,31,27,4,87.1%
Graveyard,X-Bow,31,27,4,87.1%
Flying Machine,Rocket,31,15,16,48.4%
Heal Spirit,Rune Giant,31,21,10,67.7%
Goblin Demolisher,Wizard,31,28,3,90.3%
Skeleton Army,Tombstone,31,30,1,96.8%
Goblin Demolisher,Tesla,31,30,1,96.8%
Hunter,Rage,31,30,1,96.8%
Baby Dragon,Barbarian Barrel,31,24,7,77.4%
Rascals,Rune Giant,31,26,5,83.9%
Dark Prince,Lava Hound,31,24,7,77.4%
Lava Hound,Musketeer,31,0,31,0.0%
Knight,Skeleton Army,31,0,31,0.0%
Elixir Golem,Witch,31,1,30,3.2%
Goblin Barrel,Mother Witch,31,26,5,83.9%
Mega Knight,Suspicious Bush,31,21,10,67.7%
Arrows,Zap,31,31,0,100.0%
Goblin Giant,Inferno Tower,31,16,15,51.6%
Dart Goblin,Musketeer,31,8,23,25.8%
Bandit,Goblin Giant,31,18,13,58.1%
Baby Dragon,Dart Goblin,31,23,8,74.2%
Furnace,Royal Giant,31,28,3,90.3%
Barbarian Hut,Mortar,31,19,12,61.3%
Bandit,Graveyard,31,12,19,38.7%
Goblin Barrel,Lava Hound,31,29,2,93.5%
Rune Giant,Suspicious Bush,31,2,29,6.5%
Firecracker,Goblin Giant,31,26,5,83.9%
Arrows,Goblin Barrel,31,8,23,25.8%
Inferno Dragon,Rocket,31,18,13,58.1%
The Log,Wizard,31,19,12,61.3%
Electro Spirit,Goblin Barrel,31,0,31,0.0%
Mother Witch,Ronin,31,9,22,29.0%
Mortar,Tombstone,31,16,15,51.6%
Goblin Giant,Tesla,31,10,21,32.3%
Lava Hound,Suspicious Bush,31,0,31,0.0%
Dart Goblin,Zappies,31,14,17,45.2%
Goblin Barrel,Goblin Giant,31,29,2,93.5%
Night Witch,P.E.K.K.A,31,21,10,67.7%
Hunter,Ronin,31,6,25,19.4%
Rocket,Royal Delivery,31,15,16,48.4%
Furnace,Graveyard,31,12,19,38.7%
Ram Rider,Suspicious Bush,31,5,26,16.1%
Lava Hound,Mega Knight,31,0,31,0.0%
Inferno Tower,Valkyrie,31,20,11,64.5%
Rocket,Tesla,31,11,20,35.5%
Baby Dragon,Royal Hogs,31,7,24,22.6%
Inferno Dragon,Suspicious Bush,31,11,20,35.5%
Dart Goblin,Rocket,31,24,7,77.4%
Heal Spirit,Lava Hound,31,19,12,61.3%
Lava Hound,Zappies,31,1,30,3.2%
Arrows,Baby Dragon,30,13,17,43.3%
Arrows,Giant Snowball,30,29,1,96.7%
Arrows,Electro Spirit,30,26,4,86.7%
Hunter,P.E.K.K.A,30,17,13,56.7%
Goblin Drill,Inferno Tower,30,26,4,86.7%
Heal Spirit,Knight,30,0,30,0.0%
Inferno Dragon,Zap,30,21,9,70.0%
Goblin Hut,Valkyrie,30,27,3,90.0%
Executioner,Rocket,30,19,11,63.3%
Electro Wizard,The Log,30,19,11,63.3%
Giant,Rocket,30,16,14,53.3%
Inferno Dragon,Musketeer,30,6,24,20.0%
Electro Spirit,Lava Hound,30,19,11,63.3%
Firecracker,Rage,30,29,1,96.7%
Knight,X-Bow,30,24,6,80.0%
Golem,P.E.K.K.A,30,26,4,86.7%
Hunter,Zappies,30,12,18,40.0%
Electro Wizard,Inferno Tower,30,26,4,86.7%
Ice Wizard,Vines,30,1,29,3.3%
Firecracker,Golem,30,3,27,10.0%
Rascals,Witch,30,6,24,20.0%
Goblin Drill,Mother Witch,30,25,5,83.3%
Elite Barbarians,Mega Knight,30,2,28,6.7%
Goblin Barrel,Suspicious Bush,30,27,3,90.0%
Dark Prince,Rocket,30,8,22,26.7%
Goblin Demolisher,Hunter,30,30,0,100.0%
Knight,Musketeer,30,10,20,33.3%
Goblin Demolisher,Rascals,30,27,3,90.0%
Inferno Tower,Rune Giant,30,20,10,66.7%
Elixir Golem,Firecracker,30,0,30,0.0%
Ice Spirit,Vines,30,3,27,10.0%
Inferno Tower,Tesla,30,6,24,20.0%
Arrows,Zappies,30,28,2,93.3%
Dark Prince,Ice Spirit,30,16,14,53.3%
Electro Wizard,Vines,30,16,14,53.3%
Dark Prince,Mother Witch,30,4,26,13.3%
Barbarian Hut,Ram Rider,30,26,4,86.7%
Dart Goblin,Tesla,30,9,21,30.0%
Goblin Giant,Wizard,30,5,25,16.7%
Poison,X-Bow,30,29,1,96.7%
Goblin Barrel,Ronin,30,20,10,66.7%
Fisherman,Mega Knight,30,1,29,3.3%
Heal Spirit,Valkyrie,30,10,20,33.3%
Inferno Dragon,Mortar,30,20,10,66.7%
Baby Dragon,Witch,30,9,21,30.0%
Hunter,Rune Giant,30,23,7,76.7%
Knight,Rage,30,29,1,96.7%
Berserker,Three Musketeers,30,24,6,80.0%
Fisherman,Rage,30,21,9,70.0%
Electro Spirit,Valkyrie,30,18,12,60.0%
Dark Prince,Skeleton Barrel,30,3,27,10.0%
Three Musketeers,X-Bow,30,14,16,46.7%
Goblin Hut,Rocket,30,27,3,90.0%
Inferno Tower,Lava Hound,30,25,5,83.3%
Electro Spirit,Golem,30,2,28,6.7%
Elixir Golem,The Log,30,2,28,6.7%
Dart Goblin,Hunter,30,17,13,56.7%
Rascals,Skeleton Barrel,30,2,28,6.7%
Firecracker,Ice Wizard,30,29,1,96.7%
Princess,Vines,30,1,29,3.3%
Mortar,The Log,30,8,22,26.7%
Executioner,Inferno Tower,30,22,8,73.3%
Hunter,Poison,30,3,27,10.0%
Mortar,P.E.K.K.A,30,17,13,56.7%
Dark Prince,Fisherman,30,24,6,80.0%
Dark Prince,Mortar,30,13,17,43.3%
Lava Hound,Rascals,30,3,27,10.0%
Baby Dragon,Skeleton Army,30,8,22,26.7%
Electro Spirit,Ram Rider,30,14,16,46.7%
Barbarian Barrel,Knight,30,22,8,73.3%
Musketeer,Rascals,30,22,8,73.3%
Baby Dragon,Giant,30,16,14,53.3%
Furnace,Skeleton Army,30,2,28,6.7%
Baby Dragon,Furnace,30,20,10,66.7%
Graveyard,Witch,30,6,24,20.0%
Goblin Giant,Heal Spirit,30,22,8,73.3%
Electro Spirit,Graveyard,30,3,27,10.0%
Firecracker,Goblin Demolisher,30,3,27,10.0%
Inferno Tower,Vines,30,3,27,10.0%
Elixir Golem,Goblin Demolisher,30,0,30,0.0%
Mortar,Zap,30,13,17,43.3%
Barbarian Hut,Rascals,30,13,17,43.3%
Goblin Drill,Hunter,30,25,5,83.3%
Electro Wizard,Rocket,30,28,2,93.3%
Dart Goblin,Skeleton Army,30,2,28,6.7%
Musketeer,Ram Rider,30,25,5,83.3%
Fisherman,Princess,30,1,29,3.3%
Goblin Barrel,Mega Knight,30,19,11,63.3%
Inferno Tower,Royal Hogs,30,0,30,0.0%
Suspicious Bush,Witch,30,16,14,53.3%
Knight,Royal Hogs,30,5,25,16.7%
Hunter,X-Bow,30,15,15,50.0%
Goblin Demolisher,Ram Rider,30,27,3,90.0%
Golem,Royal Giant,30,29,1,96.7%
Giant Snowball,X-Bow,30,5,25,16.7%
Dart Goblin,Wizard,30,8,22,26.7%
Dart Goblin,Vines,30,2,28,6.7%
Baby Dragon,Inferno Dragon,30,17,13,56.7%
Elixir Golem,Ice Wizard,30,5,25,16.7%
Electro Wizard,Poison,30,8,22,26.7%
Golem,Ronin,30,22,8,73.3%
P.E.K.K.A,Royal Hogs,30,3,27,10.0%
Goblin Giant,X-Bow,30,12,18,40.0%
Royal Delivery,Zappies,30,8,22,26.7%
Fisherman,P.E.K.K.A,30,7,23,23.3%
Golem,Three Musketeers,30,27,3,90.0%
Rocket,Rune Giant,30,26,4,86.7%
Firecracker,Goblin Barrel,30,4,26,13.3%
Goblin Barrel,Inferno Tower,30,30,0,100.0%
Electro Spirit,Heal Spirit,30,18,12,60.0%
Baby Dragon,Hunter,30,23,7,76.7%
Lava Hound,Rocket,30,5,25,16.7%
Ronin,Royal Delivery,30,27,3,90.0%
Royal Giant,Rune Giant,30,13,17,43.3%
Hunter,Wizard,30,6,24,20.0%
Princess,Rune Giant,30,26,4,86.7%
Furnace,Valkyrie,30,26,4,86.7%
Ice Spirit,Tesla,30,6,24,20.0%
Musketeer,Rune Giant,30,30,0,100.0%
Musketeer,Zappies,29,26,3,89.7%
Electro Wizard,Fireball,29,5,24,17.2%
Suspicious Bush,Zappies,29,20,9,69.0%
Furnace,Rocket,29,16,13,55.2%
Goblin Hut,Ronin,29,16,13,55.2%
Heal Spirit,Poison,29,2,27,6.9%
Berserker,Ice Wizard,29,29,0,100.0%
Executioner,Zap,29,22,7,75.9%
Suspicious Bush,Wizard,29,20,9,69.0%
Giant Snowball,Goblin Demolisher,29,0,29,0.0%
Elite Barbarians,Tesla,29,9,20,31.0%
Arrows,Inferno Tower,29,25,4,86.2%
Flying Machine,Royal Hogs,29,4,25,13.8%
Royal Hogs,Skeleton Barrel,29,14,15,48.3%
Elixir Golem,Goblin Giant,29,1,28,3.4%
Electro Wizard,Fisherman,29,28,1,96.6%
Dart Goblin,Night Witch,29,16,13,55.2%
Electro Wizard,Goblin Drill,29,10,19,34.5%
Arrows,Royal Giant,29,28,1,96.6%
Dark Prince,Three Musketeers,29,3,26,10.3%
Elixir Golem,Giant,29,1,28,3.4%
Baby Dragon,Heal Spirit,29,28,1,96.6%
Firecracker,Flying Machine,29,24,5,82.8%
Baby Dragon,Vines,29,10,19,34.5%
Hunter,Royal Hogs,29,4,25,13.8%
Electro Spirit,Night Witch,29,3,26,10.3%
Furnace,Three Musketeers,29,21,8,72.4%
Goblin Drill,Mortar,29,28,1,96.6%
Fisherman,Night Witch,29,3,26,10.3%
Lava Hound,Royal Giant,29,7,22,24.1%
Flying Machine,Skeleton Army,29,1,28,3.4%
Furnace,Golem,29,2,27,6.9%
Electro Wizard,Zap,29,27,2,93.1%
Ice Spirit,Rascals,29,9,20,31.0%
Golem,Ram Rider,29,25,4,86.2%
Goblin Barrel,Rage,29,29,0,100.0%
Barbarian Barrel,Furnace,29,21,8,72.4%
Dark Prince,Elixir Golem,29,26,3,89.7%
Arrows,Goblin Drill,29,11,18,37.9%
Lava Hound,Royal Hogs,29,2,27,6.9%
Goblin Giant,Graveyard,29,6,23,20.7%
Golem,Witch,29,21,8,72.4%
Barbarian Hut,Heal Spirit,29,21,8,72.4%
Goblin Drill,Rune Giant,29,29,0,100.0%
Electro Wizard,Valkyrie,29,26,3,89.7%
Arrows,Night Witch,29,22,7,75.9%
Flying Machine,P.E.K.K.A,29,15,14,51.7%
Bandit,Princess,29,18,11,62.1%
Bandit,Vines,29,5,24,17.2%
Princess,Witch,29,10,19,34.5%
Arrows,Royal Delivery,29,28,1,96.6%
Executioner,Vines,29,9,20,31.0%
Electro Spirit,Suspicious Bush,29,1,28,3.4%
Firecracker,Tombstone,29,19,10,65.5%
Rocket,X-Bow,29,21,8,72.4%
Skeleton Barrel,Valkyrie,29,29,0,100.0%
Elixir Golem,Ram Rider,29,3,26,10.3%
Fireball,Lava Hound,29,29,0,100.0%
Golem,Royal Hogs,29,15,14,51.7%
Heal Spirit,Suspicious Bush,29,2,27,6.9%
Arrows,Electro Wizard,29,17,12,58.6%
Electro Wizard,P.E.K.K.A,29,24,5,82.8%
Dart Goblin,Furnace,29,11,18,37.9%
Flying Machine,Wizard,29,3,26,10.3%
Mega Knight,Princess,29,27,2,93.1%
Inferno Tower,Witch,29,4,25,13.8%
Furnace,Mega Knight,29,5,24,17.2%
Goblin Demolisher,Poison,29,13,16,44.8%
Bandit,Tombstone,29,16,13,55.2%
Dark Prince,Electro Wizard,29,0,29,0.0%
Mega Knight,Mortar,29,26,3,89.7%
Electro Spirit,Rascals,29,9,20,31.0%
Barbarian Hut,Ronin,29,9,20,31.0%
Fisherman,Giant Snowball,29,22,7,75.9%
Princess,X-Bow,29,9,20,31.0%
Barbarian Hut,Zap,29,20,9,69.0%
Knight,Night Witch,29,17,12,58.6%
Goblin Drill,Goblin Hut,29,21,8,72.4%
Goblin Hut,Tesla,29,23,6,79.3%
Elite Barbarians,Lava Hound,29,25,4,86.2%
Rocket,Wizard,29,11,18,37.9%
Dark Prince,Inferno Tower,29,18,11,62.1%
Flying Machine,Goblin Demolisher,29,1,28,3.4%
Goblin Barrel,Knight,29,25,4,86.2%
Dark Prince,Tesla,29,6,23,20.7%
Dart Goblin,Ice Wizard,29,27,2,93.1%
Giant,Giant Snowball,29,28,1,96.6%
Giant,Zap,29,16,13,55.2%
P.E.K.K.A,Tesla,29,15,14,51.7%
Ronin,Skeleton Army,29,1,28,3.4%
Bandit,Golem,29,0,29,0.0%
Poison,Royal Hogs,29,8,21,27.6%
Firecracker,Ram Rider,29,24,5,82.8%
Fireball,Goblin Drill,29,16,13,55.2%
Graveyard,Wizard,29,17,12,58.6%
Vines,X-Bow,28,22,6,78.6%
Dart Goblin,Knight,28,13,15,46.4%
Giant,Tesla,28,18,10,64.3%
Goblin Giant,Rage,28,24,4,85.7%
Firecracker,X-Bow,28,18,10,64.3%
Firecracker,Furnace,28,19,9,67.9%
Baby Dragon,X-Bow,28,22,6,78.6%
Giant Snowball,Royal Hogs,28,1,27,3.6%
Vines,Zap,28,26,2,92.9%
Rascals,Rocket,28,22,6,78.6%
Goblin Hut,P.E.K.K.A,28,26,2,92.9%
Ice Wizard,X-Bow,28,8,20,28.6%
Fireball,Goblin Hut,28,26,2,92.9%
Firecracker,Graveyard,28,17,11,60.7%
Mortar,Witch,28,6,22,21.4%
Arrows,Valkyrie,28,22,6,78.6%
Giant,Golem,28,2,26,7.1%
Firecracker,Rocket,28,24,4,85.7%
Heal Spirit,Inferno Tower,28,10,18,35.7%
Electro Wizard,Princess,28,23,5,82.1%
Arrows,Barbarian Barrel,28,16,12,57.1%
Electro Spirit,Zap,28,3,25,10.7%
Goblin Barrel,Rocket,28,27,1,96.4%
Dart Goblin,X-Bow,28,15,13,53.6%
Musketeer,Vines,28,8,20,28.6%
Mega Knight,Zappies,28,24,4,85.7%
Knight,Zappies,28,17,11,60.7%
Arrows,X-Bow,28,22,6,78.6%
Night Witch,Wizard,28,5,23,17.9%
Bandit,Barbarian Hut,28,10,18,35.7%
Barbarian Barrel,Barbarian Hut,28,21,7,75.0%
Arrows,Ice Spirit,28,27,1,96.4%
Goblin Barrel,The Log,28,22,6,78.6%
Electro Wizard,Tesla,28,20,8,71.4%
Goblin Hut,Inferno Tower,28,26,2,92.9%
Barbarian Hut,Golem,28,4,24,14.3%
Goblin Drill,Rascals,28,22,6,78.6%
Elite Barbarians,Rocket,28,10,18,35.7%
Dark Prince,Dart Goblin,28,6,22,21.4%
Knight,Valkyrie,28,22,6,78.6%
Goblin Barrel,X-Bow,28,26,2,92.9%
Royal Giant,The Log,28,2,26,7.1%
Fireball,Knight,28,27,1,96.4%
Flying Machine,Giant Snowball,28,22,6,78.6%
Ice Spirit,Night Witch,28,6,22,21.4%
Fireball,Night Witch,28,23,5,82.1%
Goblin Barrel,Tesla,28,27,1,96.4%
Arrows,Golem,28,8,20,28.6%
Arrows,Vines,28,5,23,17.9%
Dark Prince,Furnace,28,6,22,21.4%
Graveyard,Heal Spirit,28,25,3,89.3%
Barbarian Hut,Ice Spirit,28,22,6,78.6%
Arrows,Giant,28,17,11,60.7%
P.E.K.K.A,Royal Giant,28,26,2,92.9%
Electro Wizard,Royal Giant,28,26,2,92.9%
Musketeer,Poison,28,8,20,28.6%
Lava Hound,Rune Giant,28,7,21,25.0%
Arrows,Mega Knight,28,10,18,35.7%
Heal Spirit,Three Musketeers,28,6,22,21.4%
Furnace,Zappies,28,17,11,60.7%
Barbarian Hut,Wizard,28,5,23,17.9%
Ice Wizard,Inferno Dragon,28,2,26,7.1%
Giant,Goblin Barrel,28,3,25,10.7%
Barbarian Hut,Goblin Drill,28,4,24,14.3%
Furnace,Rascals,28,18,10,64.3%
Royal Giant,X-Bow,28,9,19,32.1%
Mother Witch,Rocket,28,16,12,57.1%
Rage,Zap,28,3,25,10.7%
Vines,Wizard,28,22,6,78.6%
Firecracker,Inferno Tower,28,24,4,85.7%
Electro Wizard,Furnace,28,26,2,92.9%
Barbarian Barrel,Suspicious Bush,28,9,19,32.1%
Inferno Dragon,P.E.K.K.A,28,23,5,82.1%
Ice Wizard,Night Witch,28,6,22,21.4%
Arrows,P.E.K.K.A,28,23,5,82.1%
Rune Giant,Vines,28,1,27,3.6%
Inferno Dragon,Knight,28,16,12,57.1%
Bandit,Wizard,28,7,21,25.0%
Dart Goblin,Electro Wizard,28,6,22,21.4%
Goblin Giant,Mortar,28,13,15,46.4%
Baby Dragon,Ice Wizard,28,27,1,96.4%
Barbarian Hut,Inferno Dragon,28,14,14,50.0%
Ice Wizard,Rocket,28,11,17,39.3%
Furnace,Goblin Demolisher,28,3,25,10.7%
Arrows,Musketeer,28,11,17,39.3%
Dark Prince,Night Witch,28,0,28,0.0%
Electro Spirit,Electro Wizard,28,2,26,7.1%
Goblin Hut,Royal Hogs,28,6,22,21.4%
Barbarian Hut,Elite Barbarians,28,18,10,64.3%
Rocket,Skeleton Army,28,0,28,0.0%
Barbarian Hut,Fireball,28,2,26,7.1%
Fisherman,Mortar,28,2,26,7.1%
Skeleton Barrel,Suspicious Bush,28,26,2,92.9%
Giant,Ice Wizard,28,19,9,67.9%
Night Witch,Rage,27,24,3,88.9%
Valkyrie,Zappies,27,5,22,18.5%
Poison,Rocket,27,24,3,88.9%
Arrows,Princess,27,26,1,96.3%
Golem,Knight,27,21,6,77.8%
Princess,The Log,27,0,27,0.0%
Elixir Golem,Goblin Barrel,27,0,27,0.0%
Barbarian Barrel,Wizard,27,13,14,48.1%
Barbarian Hut,Ice Wizard,27,17,10,63.0%
Mother Witch,Suspicious Bush,27,6,21,22.2%
Dark Prince,Executioner,27,3,24,11.1%
Giant Snowball,Skeleton Army,27,1,26,3.7%
Ram Rider,X-Bow,27,8,19,29.6%
Fisherman,Heal Spirit,27,9,18,33.3%
Ice Spirit,Inferno Dragon,27,7,20,25.9%
Firecracker,Royal Giant,27,26,1,96.3%
Vines,Witch,27,16,11,59.3%
Baby Dragon,Musketeer,27,12,15,44.4%
Goblin Demolisher,Vines,27,21,6,77.8%
Furnace,The Log,27,8,19,29.6%
Golem,Rune Giant,27,24,3,88.9%
Poison,Rascals,27,23,4,85.2%
Arrows,Goblin Giant,27,24,3,88.9%
Giant,Inferno Tower,27,16,11,59.3%
Dark Prince,X-Bow,27,9,18,33.3%
Ice Wizard,Suspicious Bush,27,2,25,7.4%
Ronin,Tesla,27,22,5,81.5%
Royal Delivery,X-Bow,27,10,17,37.0%
Inferno Dragon,Princess,27,11,16,40.7%
Goblin Drill,Graveyard,27,22,5,81.5%
Princess,Tombstone,27,20,7,74.1%
Skeleton Army,Wizard,27,24,3,88.9%
Barbarian Hut,Dart Goblin,27,12,15,44.4%
Ice Spirit,Rune Giant,27,16,11,59.3%
Electro Wizard,Goblin Hut,27,11,16,40.7%
Rascals,Wizard,27,10,17,37.0%
Golem,The Log,27,26,1,96.3%
Dark Prince,Ram Rider,27,9,18,33.3%
Rage,Suspicious Bush,27,3,24,11.1%
Arrows,Barbarian Hut,27,19,8,70.4%
Electro Spirit,Rocket,27,14,13,51.9%
Bandit,Witch,27,2,25,7.4%
Electro Wizard,Rage,27,26,1,96.3%
Arrows,Elixir Golem,27,27,0,100.0%
Lava Hound,Skeleton Barrel,27,1,26,3.7%
Knight,Poison,27,4,23,14.8%
Barbarian Hut,Suspicious Bush,27,9,18,33.3%
Royal Hogs,Zappies,27,24,3,88.9%
Suspicious Bush,Vines,27,7,20,25.9%
Barbarian Barrel,Dark Prince,27,23,4,85.2%
Electro Spirit,Elite Barbarians,27,13,14,48.1%
Barbarian Barrel,Zappies,27,15,12,55.6%
Goblin Giant,Mother Witch,27,8,19,29.6%
Barbarian Hut,X-Bow,27,17,10,63.0%
Elixir Golem,Hunter,27,2,25,7.4%
Mortar,Valkyrie,27,15,12,55.6%
Bandit,Skeleton Army,27,3,24,11.1%
Hunter,Ice Wizard,27,22,5,81.5%
Graveyard,Poison,27,13,14,48.1%
Skeleton Barrel,Wizard,27,19,8,70.4%
Barbarian Hut,Vines,27,12,15,44.4%
Elixir Golem,Goblin Hut,27,0,27,0.0%
Musketeer,Tesla,27,23,4,85.2%
Arrows,Mortar,27,22,5,81.5%
Skeleton Army,X-Bow,27,26,1,96.3%
Wizard,Zappies,27,15,12,55.6%
Electro Wizard,Ice Wizard,27,26,1,96.3%
Bandit,Lava Hound,27,27,0,100.0%
Dart Goblin,Firecracker,27,7,20,25.9%
Goblin Hut,Princess,27,22,5,81.5%
Goblin Hut,Witch,27,14,13,51.9%
Electro Spirit,Goblin Demolisher,27,1,26,3.7%
Mortar,Rune Giant,26,14,12,53.8%
Executioner,Hunter,26,22,4,84.6%
Giant Snowball,Vines,26,0,26,0.0%
Baby Dragon,Barbarian Hut,26,16,10,61.5%
Hunter,The Log,26,10,16,38.5%
Heal Spirit,Rascals,26,11,15,42.3%
Inferno Dragon,X-Bow,26,13,13,50.0%
Mega Knight,Rascals,26,24,2,92.3%
Bandit,Goblin Barrel,26,3,23,11.5%
Vines,Zappies,26,22,4,84.6%
Electro Wizard,Ronin,26,17,9,65.4%
Barbarian Barrel,Ronin,26,6,20,23.1%
Giant Snowball,Royal Giant,26,12,14,46.2%
Graveyard,Royal Hogs,26,4,22,15.4%
Ice Spirit,Lava Hound,26,21,5,80.8%
Ice Spirit,Skeleton Army,26,0,26,0.0%
Dark Prince,The Log,26,5,21,19.2%
Ram Rider,Wizard,26,4,22,15.4%
Fisherman,Goblin Barrel,26,0,26,0.0%
Dark Prince,Rascals,26,4,22,15.4%
Bandit,Musketeer,26,9,17,34.6%
Musketeer,X-Bow,26,21,5,80.8%
Goblin Demolisher,Lava Hound,26,26,0,100.0%
Goblin Barrel,Witch,26,20,6,76.9%
Inferno Dragon,Ronin,26,8,18,30.8%
Dark Prince,Zappies,26,7,19,26.9%
Barbarian Hut,Rocket,26,14,12,53.8%
Golem,Musketeer,26,21,5,80.8%
Goblin Barrel,Valkyrie,26,23,3,88.5%
Ice Spirit,Royal Hogs,26,2,24,7.7%
Hunter,Rocket,26,15,11,57.7%
Poison,Suspicious Bush,26,15,11,57.7%
Rocket,Vines,26,4,22,15.4%
Heal Spirit,P.E.K.K.A,26,7,19,26.9%
Suspicious Bush,The Log,26,12,14,46.2%
Dart Goblin,Flying Machine,26,17,9,65.4%
Executioner,Furnace,26,17,9,65.4%
Barbarian Hut,Zappies,26,10,16,38.5%
Giant,X-Bow,26,18,8,69.2%
Barbarian Hut,Firecracker,26,6,20,23.1%
Electro Wizard,Tombstone,26,21,5,80.8%
Barbarian Hut,Goblin Demolisher,26,2,24,7.7%
Night Witch,X-Bow,26,12,14,46.2%
Berserker,Ram Rider,26,20,6,76.9%
Electro Wizard,Elixir Golem,26,25,1,96.2%
Rocket,The Log,26,6,20,23.1%
Goblin Demolisher,Suspicious Bush,26,23,3,88.5%
Royal Delivery,Zap,26,9,17,34.6%
Royal Hogs,Tombstone,26,21,5,80.8%
Electro Spirit,Inferno Tower,26,17,9,65.4%
Royal Hogs,Tesla,26,19,7,73.1%
Giant Snowball,Ice Wizard,26,10,16,38.5%
Furnace,Vines,26,3,23,11.5%
Heal Spirit,Zappies,26,4,22,15.4%
Musketeer,Rocket,26,25,1,96.2%
Barbarian Barrel,P.E.K.K.A,26,16,10,61.5%
Arrows,Fireball,26,3,23,11.5%
Arrows,Mother Witch,26,21,5,80.8%
Golem,Zap,26,25,1,96.2%
Wizard,Zap,26,21,5,80.8%
Barbarian Hut,Night Witch,26,14,12,53.8%
Dark Prince,Rage,26,20,6,76.9%
Knight,Rocket,26,23,3,88.5%
Rascals,Royal Hogs,25,2,23,8.0%
Firecracker,Skeleton Army,25,9,16,36.0%
Dart Goblin,Goblin Giant,25,18,7,72.0%
Barbarian Barrel,X-Bow,25,16,9,64.0%
Barbarian Hut,Royal Giant,25,21,4,84.0%
Barbarian Hut,Hunter,25,14,11,56.0%
Dark Prince,Inferno Dragon,25,6,19,24.0%
Goblin Demolisher,Royal Giant,25,25,0,100.0%
Goblin Barrel,Goblin Hut,25,18,7,72.0%
Goblin Hut,Zappies,25,22,3,88.0%
Dart Goblin,Rage,25,23,2,92.0%
Dark Prince,Heal Spirit,25,12,13,48.0%
Royal Hogs,Suspicious Bush,25,24,1,96.0%
Dark Prince,Valkyrie,25,11,14,44.0%
Goblin Demolisher,Ice Spirit,25,25,0,100.0%
Royal Hogs,Rune Giant,25,24,1,96.0%
Furnace,Ice Spirit,25,24,1,96.0%
Electro Spirit,Wizard,25,6,19,24.0%
Graveyard,Zap,25,22,3,88.0%
Mortar,Zappies,25,11,14,44.0%
Goblin Barrel,Heal Spirit,25,24,1,96.0%
Electro Wizard,Mother Witch,25,23,2,92.0%
Dart Goblin,Elixir Golem,25,24,1,96.0%
Tesla,The Log,25,10,15,40.0%
The Log,Tombstone,25,20,5,80.0%
Giant,Goblin Hut,25,6,19,24.0%
Tesla,X-Bow,25,15,10,60.0%
Golem,Vines,25,16,9,64.0%
Flying Machine,Vines,25,5,20,20.0%
Electro Wizard,Firecracker,25,15,10,60.0%
Elixir Golem,Poison,25,1,24,4.0%
Goblin Hut,Vines,25,12,13,48.0%
Furnace,Goblin Hut,25,8,17,32.0%
Goblin Barrel,Poison,25,14,11,56.0%
Poison,Princess,25,23,2,92.0%
Elixir Golem,Golem,25,1,24,4.0%
Inferno Dragon,Poison,25,2,23,8.0%
Heal Spirit,Royal Hogs,25,0,25,0.0%
Goblin Barrel,Night Witch,25,23,2,92.0%
Goblin Barrel,Ice Spirit,25,24,1,96.0%
Fireball,Tombstone,25,21,4,84.0%
Electro Wizard,Rune Giant,25,22,3,88.0%
Dark Prince,Golem,25,4,21,16.0%
Goblin Barrel,Goblin Demolisher,25,15,10,60.0%
Electro Wizard,Goblin Giant,25,20,5,80.0%
Goblin Hut,Mortar,25,15,10,60.0%
P.E.K.K.A,Zappies,25,10,15,40.0%
Arrows,Hunter,25,21,4,84.0%
Goblin Barrel,Royal Hogs,25,9,16,36.0%
Bandit,Ram Rider,25,21,4,84.0%
Fisherman,X-Bow,25,10,15,40.0%
Barbarian Hut,Goblin Hut,25,6,19,24.0%
Royal Giant,Royal Hogs,25,1,24,4.0%
Bandit,Suspicious Bush,25,4,21,16.0%
Princess,Rascals,25,14,11,56.0%
Musketeer,Princess,25,21,4,84.0%
Giant Snowball,Golem,25,3,22,12.0%
Fisherman,Rocket,25,8,17,32.0%
Poison,Rune Giant,25,24,1,96.0%
Electro Spirit,Fisherman,25,15,10,60.0%
Electro Spirit,Goblin Giant,25,10,15,40.0%
Furnace,Royal Hogs,25,8,17,32.0%
Mega Knight,Musketeer,25,13,12,52.0%
Arrows,Furnace,25,21,4,84.0%
Furnace,Suspicious Bush,25,3,22,12.0%
Goblin Demolisher,Mega Knight,25,20,5,80.0%
Elixir Golem,Vines,24,1,23,4.2%
Baby Dragon,Dark Prince,24,23,1,95.8%
Hunter,Skeleton Army,24,5,19,20.8%
Arrows,Graveyard,24,14,10,58.3%
Mega Knight,Vines,24,17,7,70.8%
Mortar,Rascals,24,10,14,41.7%
Flying Machine,Knight,24,8,16,33.3%
Rage,Ronin,24,0,24,0.0%
Skeleton Barrel,Vines,24,17,7,70.8%
Furnace,Musketeer,24,5,19,20.8%
Baby Dragon,Royal Giant,24,21,3,87.5%
Goblin Drill,Suspicious Bush,24,19,5,79.2%
Baby Dragon,Suspicious Bush,24,14,10,58.3%
Arrows,Royal Hogs,24,7,17,29.2%
Goblin Demolisher,Rocket,24,24,0,100.0%
Ram Rider,Rune Giant,24,17,7,70.8%
Golem,Inferno Tower,24,18,6,75.0%
Ronin,Zappies,24,17,7,70.8%
Goblin Hut,Royal Delivery,24,23,1,95.8%
Baby Dragon,Rocket,24,18,6,75.0%
Barbarian Hut,Goblin Barrel,24,1,23,4.2%
Suspicious Bush,X-Bow,24,21,3,87.5%
Dart Goblin,Royal Hogs,24,3,21,12.5%
Rascals,Tombstone,24,12,12,50.0%
Baby Dragon,Electro Wizard,24,6,18,25.0%
Arrows,Fisherman,24,21,3,87.5%
Dark Prince,Mega Knight,24,1,23,4.2%
Princess,Ram Rider,24,16,8,66.7%
Skeleton Army,Three Musketeers,24,21,3,87.5%
Goblin Giant,Vines,24,5,19,20.8%
Lava Hound,Princess,24,2,22,8.3%
Furnace,Tesla,24,10,14,41.7%
Electro Spirit,Zappies,24,8,16,33.3%
Executioner,Suspicious Bush,24,11,13,45.8%
Baby Dragon,Wizard,24,15,9,62.5%
Fireball,Vines,24,24,0,100.0%
Electro Wizard,Hunter,24,19,5,79.2%
Heal Spirit,Musketeer,24,0,24,0.0%
Furnace,Night Witch,24,8,16,33.3%
Bandit,X-Bow,24,12,12,50.0%
Goblin Demolisher,Princess,24,22,2,91.7%
Berserker,The Log,24,16,8,66.7%
Barbarian Barrel,Goblin Hut,24,10,14,41.7%
Mortar,Suspicious Bush,24,1,23,4.2%
Goblin Barrel,Vines,24,18,6,75.0%
Barbarian Hut,Inferno Tower,24,18,6,75.0%
Arrows,Inferno Dragon,24,21,3,87.5%
Arrows,Dart Goblin,24,24,0,100.0%
Goblin Demolisher,Goblin Giant,23,23,0,100.0%
Barbarian Barrel,Tesla,23,18,5,78.3%
Hunter,Witch,23,3,20,13.0%
Barbarian Hut,Poison,23,1,22,4.3%
Barbarian Hut,Rage,23,20,3,87.0%
Heal Spirit,Vines,23,1,22,4.3%
Arrows,Suspicious Bush,23,15,8,65.2%
Furnace,X-Bow,23,12,11,52.2%
Barbarian Hut,Giant,23,16,7,69.6%
Electro Spirit,Rune Giant,23,15,8,65.2%
Ice Wizard,The Log,23,0,23,0.0%
Furnace,Princess,23,9,14,39.1%
Goblin Giant,Suspicious Bush,23,4,19,17.4%
Graveyard,Rocket,23,20,3,87.0%
Mega Knight,X-Bow,23,21,2,91.3%
Barbarian Hut,Musketeer,23,6,17,26.1%
Inferno Dragon,Tesla,23,15,8,65.2%
Princess,Skeleton Army,23,3,20,13.0%
Wizard,X-Bow,23,12,11,52.2%
Barbarian Hut,Giant Snowball,23,21,2,91.3%
Night Witch,Vines,23,5,18,21.7%
Mother Witch,Vines,23,5,18,21.7%
Goblin Demolisher,Mortar,23,22,1,95.7%
Electro Wizard,Knight,23,12,11,52.2%
Dart Goblin,Princess,23,15,8,65.2%
Bandit,Rocket,23,15,8,65.2%
Goblin Giant,Zap,23,11,12,47.8%
Royal Hogs,Vines,23,19,4,82.6%
Graveyard,Knight,23,11,12,47.8%
P.E.K.K.A,Wizard,23,10,13,43.5%
Elixir Golem,Suspicious Bush,23,2,21,8.7%
Dark Prince,Firecracker,23,1,22,4.3%
Bandit,Electro Wizard,23,5,18,21.7%
Ronin,Wizard,23,18,5,78.3%
Dark Prince,Goblin Barrel,23,1,22,4.3%
Rocket,Three Musketeers,23,12,11,52.2%
Dark Prince,Wizard,23,1,22,4.3%
Giant,Goblin Giant,23,17,6,73.9%
Barbarian Hut,Skeleton Army,23,1,22,4.3%
Barbarian Hut,Lava Hound,22,17,5,77.3%
Baby Dragon,Mortar,22,20,2,90.9%
Furnace,Zap,22,16,6,72.7%
Musketeer,Royal Hogs,22,6,16,27.3%
Arrows,Rune Giant,22,18,4,81.8%
Lava Hound,Vines,22,2,20,9.1%
Goblin Hut,X-Bow,22,18,4,81.8%
Arrows,Ronin,22,16,6,72.7%
Bandit,P.E.K.K.A,22,14,8,63.6%
Goblin Giant,Goblin Hut,22,2,20,9.1%
Arrows,The Log,22,15,7,68.2%
Barbarian Barrel,Musketeer,22,9,13,40.9%
Princess,Suspicious Bush,22,5,17,22.7%
Barbarian Hut,Electro Wizard,22,3,19,13.6%
Barbarian Barrel,Rocket,22,19,3,86.4%
Dark Prince,Ronin,22,1,21,4.5%
Mega Knight,Royal Hogs,22,11,11,50.0%
Furnace,Poison,22,0,22,0.0%
Electro Wizard,Golem,22,5,17,22.7%
Suspicious Bush,Tesla,21,15,6,71.4%
Arrows,Rascals,21,17,4,81.0%
Barbarian Hut,Mega Knight,21,5,16,23.8%
Dart Goblin,Witch,21,7,14,33.3%
Dark Prince,Vines,21,2,19,9.5%
Rune Giant,X-Bow,21,9,12,42.9%
Barbarian Barrel,Electro Wizard,21,4,17,19.0%
Mega Knight,Rocket,21,19,2,90.5%
Arrows,Bandit,21,17,4,81.0%
Ice Spirit,X-Bow,21,5,16,23.8%
Dark Prince,Goblin Hut,20,1,19,5.0%
Arrows,Rage,20,20,0,100.0%
Electro Wizard,X-Bow,20,12,8,60.0%
Arrows,Rocket,20,19,1,95.0%
Electro Wizard,Giant,20,15,5,75.0%
Goblin Barrel,Mortar,20,18,2,90.0%
Barbarian Hut,Dark Prince,20,13,7,65.0%
Arrows,Dark Prince,19,17,2,89.5%
Ronin,X-Bow,19,14,5,73.7%
Goblin Hut,Mother Witch,19,10,9,52.6%
Arrows,Tesla,19,14,5,73.7%
Heal Spirit,Hunter,19,5,14,26.3%
Goblin Demolisher,X-Bow,19,16,3,84.2%
Rocket,Zap,18,6,12,33.3%
X-Bow,Zappies,18,6,12,33.3%
Dark Prince,Royal Hogs,17,2,15,11.8%
Electro Spirit,Hunter,17,5,12,29.4%
Valkyrie,X-Bow,17,6,11,35.3%
Electro Wizard,Rascals,17,15,2,88.2%
Bandit,Inferno Dragon,16,6,10,37.5%
Barbarian Hut,The Log,14,2,12,14.3%
